BodySite,,CordBlood_Serum,Blood,Saliva,Stool,Vaginal_Swab,Tooth_Gum,Blood,Vaginal_Swab,Saliva,Stool,Tooth_Gum,Blood,Saliva,Vaginal_Swab,CordBlood_Serum,Tooth_Gum,Blood,Vaginal_Swab,Saliva,Stool,Tooth_Gum,Blood,Saliva,Stool,Vaginal_Swab,Tooth_Gum,Blood,Vaginal_Swab,Saliva,Stool,Tooth_Gum,Blood,Saliva,Stool,Vaginal_Swab,Tooth_Gum,Blood,Vaginal_Swab,Saliva,Stool,Tooth_Gum,Blood,Vaginal_Swab,Saliva,Stool,Tooth_Gum,Blood,CordBlood_Serum,Blood,Vaginal_Swab,Saliva,Stool,Tooth_Gum,Blood,Stool,Vaginal_Swab,Saliva,Tooth_Gum,Blood,Vaginal_Swab,Stool,Saliva,Tooth_Gum,Blood,Saliva,Stool,Vaginal_Swab,Tooth_Gum,Blood,Stool,Saliva,Vaginal_Swab,Tooth_Gum,Blood,Vaginal_Swab,Stool,Saliva,Tooth_Gum,Blood,Saliva,Stool,Vaginal_Swab,Tooth_Gum,Blood,Saliva,Vaginal_Swab,Tooth_Gum,Blood,Vaginal_Swab,Saliva,Stool,Tooth_Gum,Blood,Stool,Vaginal_Swab,Saliva,Tooth_Gum,Blood,Vaginal_Swab,Saliva,Stool,Tooth_Gum,Blood,Saliva,Back_of_ear_L,Vaginal_Swab,Stool,Tooth_Gum,Blood,Stool,Saliva,Vaginal_Swab,Tooth_Gum,Blood,Stool,Saliva,Vaginal_Swab,Tooth_Gum,Blood,Vaginal_Swab,Saliva,Stool,Tooth_Gum,Blood,Stool,Vaginal_Swab,Saliva,Tooth_Gum,Blood,CordBlood_Serum,Blood,Vaginal_Swab,Stool,Saliva,Tooth_Gum,Blood,Stool,Saliva,Vaginal_Swab,CordBlood_Serum,Tooth_Gum,Blood,Saliva,Stool,Vaginal_Swab,Tooth_Gum,Blood,Vaginal_Swab,Saliva,Stool,Tooth_Gum,Blood,CordBlood_Serum,Blood,Vaginal_Swab,Saliva,Stool,Tooth_Gum,Blood,Saliva,Vaginal_Swab,Tooth_Gum,Blood,Vaginal_Swab,Saliva,Stool,Tooth_Gum,Blood,Saliva,Vaginal_Swab,Stool,Tooth_Gum,Blood,Vaginal_Swab,Saliva,Stool,Tooth_Gum,Blood,Vaginal_Swab,Saliva,Stool,Tooth_Gum,Blood,Saliva,Vaginal_Swab,CordBlood_Serum,Tooth_Gum,Blood,Vaginal_Swab,Tooth_Gum,Blood,Vaginal_Swab,Saliva,Stool,Tooth_Gum,Blood,Vaginal_Swab,Stool,Saliva,Tooth_Gum,Blood,Saliva,Vaginal_Swab,Tooth_Gum,Blood,Saliva,Vaginal_Swab,Stool,Tooth_Gum,Blood,Stool,Saliva,Vaginal_Swab,Tooth_Gum,Blood,Vaginal_Swab,Saliva,Stool,Tooth_Gum,Blood,Vaginal_Swab,Saliva,Stool,Tooth_Gum,Blood,Saliva,Stool,Vaginal_Swab,Tooth_Gum,Blood,Saliva,Vaginal_Swab,Tooth_Gum,Blood,Vaginal_Swab,Saliva,Stool,Tooth_Gum,Blood,Stool,Saliva,Vaginal_Swab,Tooth_Gum,Blood,Stool,Saliva,Vaginal_Swab,Tooth_Gum,Blood,Saliva,Stool,Vaginal_Swab,Tooth_Gum,Blood,Saliva,Vaginal_Swab,Tooth_Gum,Blood,Stool,Vaginal_Swab,Saliva,Tooth_Gum,Blood,Saliva,Vaginal_Swab,Stool,Tooth_Gum,Blood,Stool,Saliva,Vaginal_Swab,Tooth_Gum,Blood
Sample,,PR10025_38,PR10025_38,PR10031_29,PR10031_29,PR10031_29,PR10031_29,PR10031_29,PR10047_27,PR10047_27,PR10047_27,PR10047_27,PR10047_27,PR19005_39,PR19005_39,PR19005_39,PR19005_39,PR19005_39,PR10032_39,PR10032_39,PR10032_39,PR10032_39,PR10032_39,PR10025_27,PR10025_27,PR10025_27,PR10025_27,PR10025_27,PR10032_39c,PR10032_39c,PR10032_39c,PR10032_39c,PR10032_39c,PR10031_29c,PR10031_29c,PR10031_29c,PR10031_29c,PR10031_29c,PR10039_40,PR10039_40,PR10039_40,PR10039_40,PR10039_40,PR10047_39c,PR10047_39c,PR10047_39c,PR10047_39c,PR10047_39c,PR10025_38c,PR10025_38c,PR10032_10,PR10032_10,PR10032_10,PR10032_10,PR10032_10,PR10043_30,PR10043_30,PR10043_30,PR10043_30,PR10043_30,PR10034_38c,PR10034_38c,PR10034_38c,PR10034_38c,PR10034_38c,PR10031_14,PR10031_14,PR10031_14,PR10031_14,PR10031_14,PR10046_39c,PR10046_39c,PR10046_39c,PR10046_39c,PR10046_39c,PR10101_36,PR10101_36,PR10101_36,PR10101_36,PR10101_36,PR10029_16,PR10029_16,PR10029_16,PR10029_16,PR10029_16,PR10025_9,PR10025_9,PR10025_9,PR10025_9,PR10044_33,PR10044_33,PR10044_33,PR10044_33,PR10044_33,PR10044_39,PR10044_39,PR10044_39,PR10044_39,PR10044_39,PR10039_27,PR10039_27,PR10039_27,PR10039_27,PR10039_27,PR10013_17,PR10013_17,PR10013_17,PR10013_17,PR10013_17,PR10013_17,PR10029_8,PR10029_8,PR10029_8,PR10029_8,PR10029_8,PR10046_39,PR10046_39,PR10046_39,PR10046_39,PR10046_39,PR10039_8,PR10039_8,PR10039_8,PR10039_8,PR10039_8,PR10043_9,PR10043_9,PR10043_9,PR10043_9,PR10043_9,PR10024_37c,PR10024_37c,PR10034_25,PR10034_25,PR10034_25,PR10034_25,PR10034_25,PR10013_34,PR10013_34,PR10013_34,PR10013_34,PR10013_34,PR10013_34,PR10013_30,PR10013_30,PR10013_30,PR10013_30,PR10013_30,PR10047_39,PR10047_39,PR10047_39,PR10047_39,PR10047_39,PR10024_37,PR10024_37,PR10047_19,PR10047_19,PR10047_19,PR10047_19,PR10047_19,PR10036_25,PR10036_25,PR10036_25,PR10036_25,PR10046_12,PR10046_12,PR10046_12,PR10046_12,PR10046_12,PR10024_15,PR10024_15,PR10024_15,PR10024_15,PR10024_15,PR10032_26,PR10032_26,PR10032_26,PR10032_26,PR10032_26,PR10031_8,PR10031_8,PR10031_8,PR10031_8,PR10031_8,PR19005_39c,PR19005_39c,PR19005_39c,PR19005_39c,PR19005_39c,PR19005_25,PR19005_25,PR19005_25,PR10047_9,PR10047_9,PR10047_9,PR10047_9,PR10047_9,PR10101_36c,PR10101_36c,PR10101_36c,PR10101_36c,PR10101_36c,PR10036_35,PR10036_35,PR10036_35,PR10036_35,PR10043_39,PR10043_39,PR10043_39,PR10043_39,PR10043_39,PR10034_7,PR10034_7,PR10034_7,PR10034_7,PR10034_7,PR10046_5,PR10046_5,PR10046_5,PR10046_5,PR10046_5,PR10039_15,PR10039_15,PR10039_15,PR10039_15,PR10039_15,PR10031_24,PR10031_24,PR10031_24,PR10031_24,PR10031_24,PR10025_17,PR10025_17,PR10025_17,PR10025_17,PR10039_40c,PR10039_40c,PR10039_40c,PR10039_40c,PR10039_40c,PR19009_30,PR19009_30,PR19009_30,PR19009_30,PR19009_30,PR10024_11,PR10024_11,PR10024_11,PR10024_11,PR10024_11,PR19005_16,PR19005_16,PR19005_16,PR19005_16,PR19005_16,PR19009_15,PR19009_15,PR19009_15,PR19009_15,PR10044_7,PR10044_7,PR10044_7,PR10044_7,PR10044_7,PR10043_39c,PR10043_39c,PR10043_39c,PR10043_39c,PR10043_39c,PR10013_25,PR10013_25,PR10013_25,PR10013_25,PR10013_25
tax_id,tax_name,,,,,,,,,,,,,,,,,,,,,,,,,,,,,,,,,,,,,,,,,,,,,,,,,,,,,,,,,,,,,,,,,,,,,,,,,,,,,,,,,,,,,,,,,,,,,,,,,,,,,,,,,,,,,,,,,,,,,,,,,,,,,,,,,,,,,,,,,,,,,,,,,,,,,,,,,,,,,,,,,,,,,,,,,,,,,,,,,,,,,,,,,,,,,,,,,,,,,,,,,,,,,,,,,,,,,,,,,,,,,,,,,,,,,,,,,,,,,,,,,,,,,,,,,,,,,,,,,,,,,,,,,,,,,,,,,
117743,Flavobacteriia,0.0,0.0,15.0,0.0,0.0,66.0,0.0,0.0,71.0,0.0,27.0,0.0,9.0,0.0,0.0,1.0,0.0,0.0,11.0,0.0,6.0,0.38177336914532556,14.0,0.0,0.0,6.0,3.7129768517558293,0.0,11.0,0.0,6.0,0.0,15.0,0.0,0.0,66.0,0.0,0.0,9.0,0.0,6.0,0.0,0.0,29.0,0.0,0.0,0.46969988581919175,0.0,0.0,0.0,30.0,0.0,19.0,0.0,0.0,0.0,116.0,53.0,0.0,0.0,0.0,29.0,10.0,0.28579688811808224,5.0,0.0,0.0,27.0,1.1036236581931858,0.0,2.5,0.0,43.0,0.0,0.0,0.0,41.0,1.0,0.5224879115338092,2.0,0.0,0.0,1.0,0.9964500833263377,10.0,0.0,7.0,0.0,0.0,3.0,0.0,9.0,0.41493179862477514,0.0,0.0,12.0,4.0,0.0,0.0,7.0,0.0,4.0,0.33871506344176266,57.0,0.0,0.0,0.0,4.0,1.6472952149791515,0.0,6.0,0.0,2.0,0.0,0.0,2.5,0.0,43.0,0.6100944573172069,0.0,1.0,0.0,2.0,1.1245366708976365,1.0,0.0,56.0,110.0,0.0,0.0,0.0,0.0,0.0,6.0,6.0,2.4027918648781066,0.0,3.5,0.0,0.0,0.0,0.0,20.0,0.0,0.0,10.0,0.0,0.0,29.0,0.0,0.0,1.1270199228612534,0.0,0.0,0.0,23.0,0.0,4.0,1.2504569126235392,13.0,0.0,3.0,0.08762042694540385,0.0,4.0,0.0,182.0,0.0,11.0,0.0,0.0,149.0,0.0,0.0,4.0,0.0,64.0,0.268083792701766,0.0,0.0,0.0,480.0,0.0,9.0,0.0,0.0,1.0,0.0,0.0,14.0,1.7084042792064236,0.0,31.0,0.0,23.0,0.6130003787756039,0.0,0.0,41.0,1.0,0.2030447468645255,26.0,1.0,61.0,0.3133203107869948,557.0,0.0,0.0,526.0,0.1997790259679823,0.0,28.5,0.0,50.0,1.3055511626694933,0.0,48.0,0.0,140.0,0.6399227794306355,0.0,7.0,0.0,0.0,0.0,22.0,0.0,0.0,116.0,0.0,14.0,0.0,120.0,3.0306500624113526,0.0,9.0,0.0,6.0,0.0,0.0,19.0,0.0,72.0,1.291048222302319,0.0,2.5,0.0,33.0,0.0,62.0,0.0,0.0,5.0,0.2788019769553339,46.0,0.0,17.0,0.0,0.0,0.0,61.0,46.0,0.0,557.0,0.0,0.0,526.0,0.6621426218275591,0.0,17.0,0.0,1.0,0.0
117747,Sphingobacteriia,0.0,0.0,0.0,0.0,0.0,0.0,0.0,0.0,0.0,0.0,0.0,0.0,0.0,0.0,0.0,0.0,0.0,0.0,0.0,0.0,0.0,0.12016740759848286,0.0,0.0,0.0,0.0,0.0,0.0,0.0,0.0,0.0,0.0,0.0,0.0,0.0,0.0,0.0,0.0,0.0,0.0,0.0,0.3807036132150305,0.0,0.0,0.0,0.0,0.0,0.0,0.0,0.0,0.0,0.0,0.0,0.0,0.0,0.0,0.0,0.0,0.5621439300955359,0.0,0.0,0.0,0.0,0.12236415645573957,0.0,0.0,0.0,0.0,0.16454144061597525,0.0,0.0,0.0,0.0,0.0,0.0,0.0,0.0,0.0,0.0,0.0,0.0,0.0,0.0,0.6365984742870286,0.0,0.0,0.0,0.7124960411410256,0.0,0.0,0.0,0.0,0.0,0.0,0.0,0.0,0.0,0.3873557829392116,0.0,0.0,0.0,0.0,0.0,0.0,0.0,0.0,0.0,0.0,0.3521420716271072,0.0,0.0,0.0,0.0,0.0,0.0,0.0,0.0,0.0,0.0,0.0,0.0,0.0,0.0,0.0619436987582145,0.0,0.0,0.0,0.0,0.23307096192778318,0.0,0.4307336062269508,0.0,0.0,0.0,0.0,0.2249427501014402,0.0,0.0,0.0,0.0,0.0,0.0,0.0,0.0,0.0,0.0,0.0,0.0,0.0,0.0,0.0,0.0,0.0,0.0,0.0,0.0,0.0,0.0,0.0,0.0,0.0,0.0,0.11525791484758595,0.0,0.0,0.0,0.0,0.0,0.0,0.0,0.0,0.0,0.0,0.0,0.0,0.0,0.0,0.17264002071858853,0.0,0.0,0.0,0.0,0.0,0.0,0.0,0.0,0.0,0.0,0.0,0.0,0.0,0.0,0.0,0.0,0.0,0.0,0.0,0.0,0.0,0.0,0.0,0.0,0.0,0.0,0.0,0.0,0.0,0.0,0.0,0.0,0.0,0.0,0.0,0.0,0.0,0.0,0.0,0.0,0.0,0.0,0.0,0.0,0.0,0.0,0.14766662728450689,0.0,0.0,0.0,0.0,0.0,0.0,0.0,0.0,0.0,0.0,0.0,0.0,0.0,0.0,0.0,0.0,0.0,0.0,0.0,0.0,0.0,0.0,0.0,0.0,0.0,0.0,0.0,0.0,0.0,0.0,0.0,0.0,0.0,0.0,0.0,0.0,0.0,0.0,0.0,0.0,0.0,0.0,0.0,0.0,0.0,0.0,0.0,0.0
118001,Chrysiogenetes,0.0,0.0,0.0,0.0,0.0,0.0,0.0,0.0,0.0,0.0,0.0,0.0,0.0,0.0,0.0,0.0,0.0,0.0,0.0,0.0,0.0,0.0,0.0,0.0,0.0,0.0,0.0,0.0,0.0,0.0,0.0,0.0,0.0,0.0,0.0,0.0,0.0,0.0,0.0,0.0,0.0,0.0,0.0,0.0,0.0,0.0,0.0,0.0,0.0,0.0,0.0,0.0,0.0,0.0,0.0,0.0,0.0,0.0,0.0,0.0,0.0,0.0,0.0,0.0,0.0,0.0,0.0,0.0,0.0,0.0,0.0,0.0,0.0,0.0,0.0,0.0,0.0,0.0,0.0,0.0,0.0,0.0,0.0,0.0,0.0,0.0,0.0,0.0,0.0,0.0,0.0,0.0,0.0,0.0,0.0,0.0,0.0,0.0,0.0,0.0,0.0,0.0,0.0,0.0,0.0,0.0,0.0,0.0,0.0,0.0,0.0,0.0,0.0,0.0,0.0,0.0,0.0,0.0,0.0,0.0,0.0,0.0,0.0,0.0,0.0,0.0,0.0,0.0,0.0,0.0,0.0,0.0,0.0,0.0,0.0,0.0,0.0,0.0,0.0,0.0,0.0,0.0,0.0,0.0,0.0,0.0,0.0,0.0,0.0,0.0,0.0,0.0,0.0,0.0,0.0,0.0,0.0,0.0,0.0,0.0,0.0,0.0,0.0,0.0,0.0,0.0,0.0,0.0,0.0,0.0,0.0,0.0,0.0,0.0,0.0,0.0,0.0,0.0,0.0,0.0,0.0,0.0,0.0,0.0,0.0,0.0,0.0,0.0,0.0,0.0,0.0,0.0,0.0,0.0,0.0,0.0,0.0,0.0,0.0,0.0,0.0,0.0,0.0,0.0,0.0,0.0,0.0,0.0,0.0,0.0,0.0,0.0,0.0,0.0,0.1258061426694917,0.0,0.0,0.0,0.0,0.0,0.0,0.0,0.0,0.0,0.0,0.0,0.0,0.0,0.0,0.0,0.0,0.0,0.0,0.0,0.0,0.0,0.0,0.0,0.0,0.0,0.0,0.0,0.0,0.0,0.0,0.0,0.0,0.0,0.0,0.0,0.0,0.0,0.0,0.0,0.0,0.0,0.0,0.0,0.0,0.0,0.0,0.0,0.0,0.0,0.0,0.0,0.0,0.0,0.0,0.0,0.0,0.0,0.0
1236,Gammaproteobacteria,0.0,19.893426737684987,34.0,0.0,1.0,485.0,1.2100822712679726,0.0,194.0,2.0,533.0,15.277488519781636,28.0,0.0,0.0,49.5,1.7498762642058008,1.0,630.0,0.0,1155.0,4.10016556220446,668.0,1.0,1.0,265.0,71.662590203982,1.0,630.0,0.0,1155.0,0.6134952367079854,34.0,0.0,1.0,485.0,2.2177808530379877,0.0,177.0,0.0,753.0,6.912584174074556,0.0,254.0,0.0,889.0,5.517899609556843,0.0,1.8310625853314977,0.0,96.0,2.0,1030.0,132.46139699913297,0.0,0.0,320.0,303.0,12.526858526506254,0.0,0.0,268.0,1426.0,0.19246686782274852,174.0,0.0,0.0,1395.0,23.65609537297664,0.0,38.5,0.0,38.5,3.086411323682046,0.0,6.0,369.0,69.0,2.31064959428764,38.0,0.0,0.0,1113.0,22.219182831723227,165.0,0.0,272.0,51.46478717475452,0.0,35.0,2.0,864.0,14.005220468334558,1.0,1.0,57.0,461.0,6.609356649828429,0.0,1141.0,0.5,1613.0,1.130137329970521,156.0,4.0,0.0,0.0,164.0,25.505020102833086,0.0,735.0,0.0,1675.0,9.930863821419202,0.0,38.5,0.0,38.5,7.782893567396859,0.0,95.0,0.0,1019.0,6.753403842672415,0.0,0.0,155.0,225.0,12.750028407287912,0.0,6.167914412621181,0.0,0.0,37.0,1171.0,20.743072354652956,0.0,76.0,0.0,0.0,652.0,9.768583734637383,134.0,0.0,0.0,844.0,9.768583734637383,0.0,254.0,0.0,889.0,1.458029296946879,0.0,132.49531012600076,0.0,157.0,0.0,1258.0,27.1345077234339,121.0,5.0,20.0,4.468781269422673,0.0,32.0,0.0,800.0,8.28641152683646,846.0,0.0,0.0,720.0,9.768583734637383,0.0,125.0,0.0,436.0,13.83374871626397,0.0,124.5,0.0,122.0,15.049857337742989,28.0,0.0,0.0,49.5,4.136798726968098,0.0,118.0,18.047967984887084,0.0,56.0,0.0,359.0,18.90757658780656,0.0,6.0,369.0,69.0,18.69258238681717,368.0,1.0,13.0,3.355205982447628,730.0,0.0,0.0,63.0,9.79520859395951,4.0,87.0,0.0,2608.0,19.977687748965295,0.0,37.0,0.0,102.0,16.850918883892593,0.0,389.0,0.0,3764.0,3.586176781099647,504.0,0.0,9.0,3837.0,11.485184338089814,468.0,0.0,514.0,51.82035814957834,0.0,177.0,0.0,753.0,1.2434278653134203,0.0,4.0,0.0,2.0,4.574957769718717,0.5,179.0,0.0,428.0,9.768583734637383,115.0,0.0,0.0,80.0,14.779833554673342,92.0,2.0,440.0,4.441557016082509,0.0,0.0,155.0,302.0,9.674205552583762,730.0,0.0,0.0,63.0,1.3699630577239854,0.0,53.0,0.0,640.0,9.768583734637383
147545,Eurotiomycetes,0.0,0.0,0.0,0.0,0.0,0.0,0.0,0.0,0.0,0.0,0.0,0.0,0.0,0.0,0.0,0.0,0.0,0.0,0.0,0.0,0.0,0.0,0.0,0.0,0.0,0.0,0.0,0.0,0.0,0.0,0.0,0.0,0.0,0.0,0.0,0.0,0.0,0.0,0.0,0.0,0.0,0.0,0.0,0.0,0.0,0.0,0.0,0.0,0.0,0.0,0.0,0.0,0.0,0.0,0.0,0.0,0.0,0.0,0.0,0.0,0.0,0.0,0.0,0.0,0.0,0.0,0.0,0.0,0.044650893136317524,0.0,0.0,0.0,0.0,0.0,0.0,0.0,0.0,0.0,0.0,0.0,0.0,0.0,0.0,0.0,0.0,0.0,0.0,0.0,0.0,0.0,0.0,0.0,0.0,0.0,0.0,0.0,0.0,0.0,0.0,0.0,0.0,0.0,0.0,0.0,0.0,0.0,0.0,0.0,0.010915928501129178,0.0,0.0,0.0,0.0,0.0,0.0,0.0,0.0,0.0,0.047084659278445955,0.0,0.0,0.0,0.0,0.0,0.0,0.0,0.0,0.0,0.0,0.0,0.0,0.0,0.0,0.0,0.0,0.0,0.0,0.0,0.0,0.0,0.0,0.0,0.0,0.0,0.0,0.0,0.0,0.0,0.0,0.0,0.0,0.0,0.0,0.0,0.0,0.0,0.0,0.0,0.0,0.0,0.0,0.0,0.0,0.0,0.0,0.0,0.0,0.0,0.0,0.0,0.0,0.0,0.0,0.0,0.0,0.0,0.0,0.019864313225332383,0.0,0.0,0.0,0.0,0.0,0.0,0.0,0.0,0.0,0.0,0.0,0.0,0.0,0.0,0.0,0.0,0.0,0.0,0.0,0.0,0.0,0.0,0.0,0.0,0.0,0.0,0.0,0.0,0.0,0.0,0.0,0.0,0.0,0.0,0.0,0.0,11.885103477592391,0.0,0.0,0.0,0.0,0.0,0.0,0.0,0.0,0.0,0.0,0.0,0.0,0.0,0.0,0.0,0.0,0.0,0.0,0.0,0.0,0.0,0.0,0.0,0.0,0.0,0.0,0.0,0.0,0.0,0.0,0.0,0.0,0.0,0.0,0.0,0.0,0.0,0.0,0.0,0.0,0.0,0.0,0.0,0.0,0.0,0.0,0.0,0.05689087726226216,0.0,0.0,0.0,0.0,0.0,0.0,0.0,0.0,0.0,0.0
147550,Sordariomycetes,0.0,0.0,0.0,0.0,0.0,0.0,0.0,0.0,0.0,0.0,0.0,0.0,0.0,0.0,0.0,0.0,0.0,0.0,0.0,0.0,0.0,0.0,0.0,0.0,0.0,0.0,0.0,0.0,0.0,0.0,0.0,0.0,0.0,0.0,0.0,0.0,0.0,0.0,0.0,0.0,0.0,0.0,0.0,0.0,0.0,0.0,29.07790704179046,0.0,0.0,0.0,0.0,0.0,0.0,145.76621325371852,0.0,0.0,0.0,0.0,0.0,0.0,0.0,0.0,0.0,0.0,0.0,0.0,0.0,0.0,0.0,0.0,0.0,0.0,0.0,0.0,0.0,0.0,0.0,0.0,0.0,0.0,0.0,0.0,0.0,0.0,0.0,0.0,0.0,0.0,0.0,0.0,0.0,0.0,0.0,0.0,0.0,0.0,0.0,0.0,0.0,0.0,0.0,0.0,0.0,0.0,0.0,0.0,0.0,0.0,7.113452815833391,0.0,0.0,0.0,0.0,0.0,0.0,0.0,0.0,0.0,0.0,0.0,0.0,0.0,0.0,5.846134431354486,0.0,0.0,0.0,0.0,0.0,0.0,0.0,0.0,0.0,0.0,0.0,0.019019936542541596,0.0,0.0,0.0,0.0,0.0,0.0,0.0,0.0,0.0,0.0,0.0,0.0,0.0,0.0,0.0,0.0,0.0,145.80443793142533,0.0,0.0,0.0,0.0,0.0,0.0,0.0,0.0,0.0,0.0,0.0,0.0,0.0,0.0,0.0,0.0,0.0,0.0,0.0,0.0,0.0,0.0,0.0,0.0,0.0,0.0,0.0,0.0,0.0,0.0,0.0,0.0,0.0,0.031234678566472253,0.0,0.0,17.582701719429398,0.0,0.0,0.0,0.0,0.0,0.0,0.0,0.0,0.0,0.0,0.0,0.0,0.0,0.0,0.0,0.0,0.0,0.0,0.0,0.0,0.0,0.0,0.0,0.0,0.0,0.0,0.0,0.0,0.0,0.0,0.0,0.0,0.0,0.0,0.0,0.0,0.0,0.0,0.0,0.0,0.0,0.0,0.0,0.0,0.0,0.0,0.0,0.0,0.0,0.0,0.0,0.0,0.0,0.0,0.0,0.0,0.0,0.0,0.0,0.0,0.0,0.0,0.0,0.0,0.0,0.0,0.0,0.0,0.0,0.0,0.0,0.0,0.0,0.0,0.0,0.0,0.0,0.0,0.0,0.0,0.0,0.0
147554,Schizosaccharomycetes,0.0,0.0,0.0,0.0,0.0,0.0,0.0,0.0,0.0,0.0,0.0,0.0,0.0,0.0,0.0,0.0,0.0,0.0,0.0,0.0,0.0,0.0,0.0,0.0,0.0,0.0,0.0,0.0,0.0,0.0,0.0,0.0,0.0,0.0,0.0,0.0,0.0,0.0,0.0,0.0,0.0,0.0,0.0,0.0,0.0,0.0,0.0,0.0,0.0,0.0,0.0,0.0,0.0,0.0,0.0,0.0,0.0,0.0,0.0,0.0,0.0,0.0,0.0,0.0,0.0,0.0,0.0,0.0,0.0,0.0,0.0,0.0,0.0,0.0,0.0,0.0,0.0,0.0,0.0,0.0,0.0,0.0,0.0,0.0,0.0,0.0,0.0,0.0,0.0,0.0,0.0,0.0,0.0,0.0,0.0,0.0,0.0,0.0,0.0,0.0,0.0,0.0,0.0,0.0,0.0,0.0,0.0,0.0,0.0,0.0,0.0,0.0,0.0,0.0,0.0,0.0,0.0,0.0,0.0,0.0,0.0,0.0,0.0,0.0,0.0,0.0,0.0,0.0,0.0,0.0,0.0,0.0,0.0,0.0,0.0,0.057882679264688514,0.0,0.0,0.0,0.0,0.0,0.0,0.0,0.0,0.0,0.0,0.0,0.0,0.0,0.0,0.0,0.0,0.0,0.0,0.0,0.0,0.0,0.0,0.0,0.0,0.0,0.0,0.0,0.0,0.0,0.0,0.0,0.0,0.0,0.0,0.0,0.0,0.0,0.0,0.0,0.0,0.0,0.0,0.0,0.0,0.0,0.0,0.0,0.0,0.0,0.0,0.0,0.0,0.0,0.0,0.0,0.0,0.0,0.0,0.0,0.0,0.0,0.0,0.0,0.0,0.0,0.0,0.0,0.0,0.0,0.0,0.0,0.0,0.0,0.0,0.0,0.0,0.0,0.0,0.05859844614406789,0.0,0.0,0.0,0.0,0.0,0.0,0.0,0.0,0.0,0.0,0.0,0.0,0.0,0.0,0.0,0.0,0.0,0.0,0.0,0.0,0.0,0.0,0.0,0.0,0.0,0.0,0.0,0.0,0.0,0.0,0.0,0.0,0.0,0.0,0.0,0.0,0.0,0.0,0.0,0.0,0.0,0.0,0.0,0.0,0.0,0.0,0.0,0.0,0.0,0.0,0.0,0.0,0.0,0.0,0.0,0.0,0.0,0.0
155616,Tremellomycetes,0.0,0.0,0.0,0.0,0.0,0.0,0.0,0.0,0.0,0.0,0.0,0.0,0.0,0.0,0.0,0.0,0.0,0.0,0.0,0.0,0.0,0.0,0.0,0.0,0.0,0.0,0.0,0.0,0.0,0.0,0.0,0.0,0.0,0.0,0.0,0.0,0.0,0.0,0.0,0.0,0.0,0.0,0.0,0.0,0.0,0.0,0.0,0.0,0.0,0.0,0.0,0.0,0.0,0.0,0.0,0.0,0.0,0.0,0.0,0.0,0.0,0.0,0.0,0.0,0.0,0.0,0.0,0.0,0.0,0.0,0.0,0.0,0.0,0.0,0.0,0.0,0.0,0.0,0.20269063476092875,0.0,0.0,0.0,0.0,0.0,0.0,0.0,0.0,0.0,0.0,0.0,0.0,0.0,0.0,0.0,0.0,0.0,0.0,0.0,0.0,0.0,0.0,0.0,0.0,0.0,0.0,0.0,0.0,0.0,0.0,0.0,0.0,0.0,0.0,0.0,0.0,0.0,0.0,0.0,0.0,0.0,0.0,0.0,0.0,0.0,0.0,0.0,0.0,0.0,0.0,0.0,0.0,0.0,0.0,0.0,0.0,0.0,0.0,0.0,0.0,0.0,0.0,0.0,0.0,0.0,0.0,0.0,0.0,0.0,0.0,0.0,0.0,0.0,0.0,0.0,0.0,0.0,0.0,0.0,0.0,0.0,0.0,0.0,0.0,0.0,0.0,0.0,0.0,0.0,0.0,0.0,0.0,0.0,0.0,0.0,0.0,0.0,0.0,0.0,0.0,0.0,0.0,0.0,0.0,0.0,0.0,0.0,0.0,0.0,0.0,0.0,0.0,0.0,0.0,0.0,0.0,0.0,0.0,0.0,0.0,0.0,0.0,0.0,0.0,0.0,0.0,0.0,0.0,0.0,0.0,0.0,0.0,0.0,0.0,0.0,0.05709877027118652,0.0,0.0,0.0,0.0,0.0,0.0,0.0,0.0,0.0,0.0,0.0,0.0,0.0,0.0,0.0,0.0,0.0,0.0,0.0,0.0,0.0,0.0,0.0,0.0,0.0,0.0,0.0,0.0,0.0,0.0,0.0,0.0,0.0,0.0,0.0,0.0,0.0,0.0,0.0,0.0,0.0,0.0,0.0,0.0,0.0,0.0,0.0,0.0,0.0,0.0,0.0,0.0,0.050496266406619396,0.0,0.0,0.0,0.0,0.0
1760,Actinobacteria,0.0,8.441585538862938,255.0,4.0,1948.0,206.0,0.0,10.0,117.0,8.0,36.0,19.15018778677213,149.0,48.0,3.0,11.0,2.2271721012567127,199.0,324.0,3.0,218.0,4.589963719623722,197.0,1.0,3.0,72.0,60.91962147268955,199.0,324.0,3.0,218.0,5.705219945810018,255.0,4.0,1948.0,206.0,6.063042476197155,11.0,137.0,0.0,229.0,26.306445994502948,22.0,135.0,0.0,0.0,27.685625417054354,0.0,7.688209903109326,6.0,77.0,9.0,92.0,85.35547239136817,4.0,6.0,143.0,44.0,22.619849776985482,678.0,6.0,459.0,21.0,2.2783801978859954,44.0,1.0,5110.0,54.0,26.24146036960284,2.0,138.5,0.5,23.5,8.851838851498504,0.0,1.0,111.0,1.0,9.567478681117095,17.0,3.0,29.0,7.0,25.45514439179835,377.0,159.0,108.0,29.38590609578124,32.0,43.0,33.0,36.0,20.928465960043624,63.0,125.0,18.0,3.0,20.433744101619126,2.0,115.0,0.0,548.0,5.263051254001786,37.0,1374.0,353.0,12.0,3.0,30.354276976945684,18.0,16.0,598.0,17.0,13.263995601629725,2.0,138.5,0.5,23.5,68.28603957065418,0.0,103.0,0.0,203.0,7.371194626335264,83.0,3.0,108.0,53.0,17.95265935523665,0.0,4.587836359627844,78.0,2.5,377.0,28.0,69.7506387205973,2.0,3.5,3.5,0.0,0.0,66.59554598535195,73.0,53.0,319.0,1.0,66.59554598535195,22.0,135.0,0.0,0.0,1.7758876239361494,0.0,85.3655165127282,3.5,30.0,14.0,4.0,164.75511656148763,96.0,0.0,400.0,8.518841519451627,3.0,103.0,13.0,103.0,20.310645949924567,180.0,0.0,5.0,246.0,66.59554598535195,29.0,81.0,3.0,195.0,15.60416545204721,2585.0,9.0,3.0,8.0,12.573824706900638,149.0,48.0,3.0,11.0,25.578375120973654,10.0,13.0,52.30956266992944,3.0,107.0,3.0,1.0,10.826973192799718,0.0,1.0,111.0,1.0,67.33214448127032,144.0,1.0,175.0,6.98409365577563,243.0,41.0,95.0,56.0,13.840878973694045,10.0,394.5,1.0,129.0,75.97874249322088,0.0,66.0,35.0,64.0,32.264154495333315,18.0,47.0,0.0,115.0,6.526579579835525,183.0,54.0,7001.0,385.0,29.28295793665629,262.0,31.0,7.0,38.92663319696313,11.0,137.0,0.0,229.0,2.7600176395024683,47.0,505.0,335.0,36.0,5.164015181264018,1.5,71.5,18.0,480.0,66.59554598535195,18.0,28.0,31.0,7.0,24.681447723087274,99.0,199.0,20.0,15.841734660202658,15.0,1.0,172.0,27.0,43.92504479830138,243.0,41.0,95.0,56.0,5.043499129018555,4.0,18.0,665.0,22.0,66.59554598535195
183925,Methanobacteria,0.0,0.0,0.0,0.0,0.0,0.0,0.0,0.0,0.0,0.0,0.0,0.0,0.0,0.0,0.0,0.0,0.0,0.0,0.0,0.0,0.0,0.0,0.0,0.0,0.0,0.0,0.0,0.0,0.0,0.0,0.0,0.0,0.0,0.0,0.0,0.0,0.0,0.0,0.0,0.0,0.0,0.0,0.0,0.0,0.0,0.0,0.0,0.0,0.0,0.0,0.0,0.0,0.0,0.0,0.0,0.0,0.0,0.0,0.0,0.0,0.0,0.0,0.0,0.0,0.0,0.0,0.0,0.0,0.0,0.0,0.0,0.0,0.0,0.0,0.0,0.0,0.0,0.0,0.0,0.0,0.0,0.0,0.0,0.0,0.0,0.0,0.0,0.0,0.0,0.0,0.0,0.0,0.0,0.0,0.0,0.0,0.0,0.0,0.0,0.0,0.0,0.0,0.0,0.0,0.0,0.0,0.0,0.0,0.0,0.0,0.0,0.0,0.0,0.0,0.0,0.0,0.0,0.0,0.0,0.0,0.0,0.0,0.0,0.0,0.0,0.0,0.0,0.0,0.0,0.0,0.0,0.0,0.0,0.0,0.0,0.0,0.0,0.0,0.0,0.0,0.0,0.0,0.0,0.0,0.0,0.0,0.0,0.0,0.0,0.0,0.0,0.0,0.0,0.0,0.0,0.0,0.0,0.0,0.0,0.0,0.0,0.0,0.0,0.0,0.0,0.0,0.0,0.0,0.0,0.0,0.0,0.0,0.0,0.0,0.0,0.0,0.0,0.0,0.0,0.0,0.0,0.0,0.0,0.0,0.0,0.0,0.0,0.0,0.0,0.0,0.0,0.0,0.0,0.0,0.0,0.0,0.0,0.0,0.0,0.0,0.0,0.0,0.0,0.0,0.0,0.0,0.0,0.0,0.0,0.0,0.0,0.0,0.0,0.0,0.0,0.0,0.0,0.0,0.0,0.0,0.0,0.0,0.0,0.0,0.3373326395031942,0.0,0.0,0.0,0.0,0.0,0.0,0.0,0.0,0.0,0.0,0.0,0.0,0.0,0.0,0.0,0.0,0.0,0.0,0.0,0.0,0.0,0.0,0.0,0.0,0.0,0.0,0.0,0.0,0.0,0.0,0.0,0.0,0.0,0.0,0.0,0.0,0.0,0.0,0.0,0.0,0.0,0.0,0.5006919741329259,0.0,0.0,0.0,0.0,0.0
183939,Methanococci,0.0,0.0,0.0,0.0,0.0,0.0,0.0,0.0,0.0,0.0,0.0,0.0,0.0,0.0,0.0,0.0,0.0,0.0,0.0,0.0,0.0,0.0,0.0,0.0,0.0,0.0,0.0,0.0,0.0,0.0,0.0,1.0934546954510473,0.0,0.0,0.0,0.0,0.0,0.0,0.0,0.0,0.0,0.0,0.0,0.0,0.0,0.0,0.0,0.0,0.0,0.0,0.0,0.0,0.0,0.0,0.0,0.0,0.0,0.0,0.0,0.0,0.0,0.0,0.0,0.0,0.0,0.0,0.0,0.0,0.0,0.0,0.0,0.0,0.0,0.0,0.0,0.0,0.0,0.0,0.0,0.0,0.0,0.0,0.0,0.0,0.0,0.0,0.0,0.0,0.0,0.0,0.0,0.0,0.0,0.0,0.0,0.0,0.0,0.0,0.0,0.0,0.0,0.0,0.0,0.0,0.0,0.0,0.0,0.0,0.09887642913191767,0.0,0.0,0.0,0.0,0.0,0.0,0.0,0.0,0.0,0.0,0.0,0.0,0.0,0.0,0.0,0.0,0.0,0.0,0.0,0.0,0.0,0.0,0.0,0.0,0.0,0.0,0.0,0.0,0.0,0.0,0.0,0.0,0.0,0.0,0.0,0.0,0.0,0.0,0.0,0.0,0.0,0.0,0.0,0.0,0.0,0.0,0.0,0.0,0.0,0.0,0.0,0.0,0.0,0.0,0.0,0.0,0.0,0.0,0.0,0.0,0.0,0.0,0.0,0.0,0.0,0.0,0.0,0.0,0.19936240052187335,0.0,0.0,0.0,0.0,0.0,0.0,0.0,0.0,0.0,0.0,0.0,0.0,0.0,0.0,0.0,0.0,0.0,0.0,0.0,0.0,0.0,0.0,0.0,0.0,0.0,0.0,0.0,0.0,0.0,0.0,0.0,0.0,0.0,0.0,0.0,0.0,0.0,0.0,0.0,0.0,0.0,0.0,0.0,0.0,0.0,0.0,0.0,0.0,0.0,0.0,0.0,0.0,0.0,0.0,0.0,0.0,0.0,0.0,0.0,0.0,0.0,0.0,0.0,0.0,0.0,0.0,0.0,0.0,0.0,0.0,0.0,0.0,0.0,0.0,0.0,0.0,0.0,0.0,0.0,0.0,0.0,0.0,0.0,0.0,0.0,0.0,0.0,0.0,0.0,0.0,0.0,0.0,0.0,0.0,0.0
186801,Clostridia,0.0,0.0,7.0,1448.0,133.0,4.0,0.0,52.0,23.0,207.0,7.0,0.0,20.0,42.0,0.0,0.5,0.0,114.0,20.0,935.0,0.0,0.4220428544268734,47.0,232.0,0.0,0.0,3.3050836393363214,114.0,20.0,935.0,0.0,0.0,7.0,1448.0,133.0,4.0,0.0,50.0,20.0,1348.0,2.0,0.98996833728361,387.0,10.0,302.0,0.0,14.423427782107574,0.0,5.254749988547636,133.0,14.0,2638.0,2.0,0.0,1846.0,13.0,95.0,0.0,0.7796525325395648,186.0,768.0,17.0,1.0,0.19053125874538818,9.0,238.0,355.0,1.0,1.0369735019612962,1097.0,25.0,2.0,0.0,0.5504440549035309,11.0,1390.0,29.0,0.0,0.0,2.0,560.0,445.0,0.0,0.0,74.0,2045.0,0.0,2.3475013427108085,363.0,11.0,1355.0,1.0,0.6453852087320544,1383.0,559.0,3.0,1.0,0.598263326061526,5.0,26.0,714.0,4.0,0.0,36.0,20.0,38.0,687.0,0.0,1.1516469240760527,966.0,1.0,918.0,0.0,0.6058898088693428,1097.0,25.0,2.0,0.0,0.5219828142230392,0.0,16.0,651.0,2.0,0.0,3845.0,19.0,19.0,0.0,3.2189855676698773,0.0,0.0,246.0,626.5,23.5,0.0,2.267462999908949,755.0,2.5,3.5,0.0,0.0,0.0,13.0,1316.0,51.0,0.0,0.0,387.0,10.0,302.0,0.0,0.0,0.0,0.0,30.5,13.0,152.0,0.0,0.0,158.0,0.0,10.0,0.3123820793486389,2.0,23.0,242.0,2.0,0.7114729987760203,14.0,2.0,813.0,3.0,0.0,87.0,10.0,1325.0,8.0,1.1159759911879703,56.0,6.0,1316.0,18.0,1.0270549714250974,20.0,42.0,0.0,0.5,13.711059623970128,82.0,6.0,2.185898843390791,2.0,17.0,161.0,0.0,0.7915880736370889,11.0,1390.0,29.0,0.0,6443.306120517786,144.0,4.0,0.0,0.0,38.0,732.0,2659.0,1.0,0.20302935294480012,549.0,212.5,0.0,67.0,0.5768197755508482,0.0,11.0,865.0,1.0,0.7092982263165786,28.0,7.0,515.0,0.0,0.19305449762738983,25.0,443.0,33.0,21.0,1.1267268662168568,17.0,353.0,3.0,0.0,50.0,20.0,1348.0,2.0,3.85957737509226,556.0,22.0,45.0,7.0,0.0,800.5,21.5,22.0,2.0,0.0,11.0,164.0,180.0,2.0,0.38015981068276034,47.0,5.0,3.0,0.0,361.0,10.0,26.0,1.0,2.842025981286919,38.0,732.0,2659.0,1.0,152.83838551613533,901.0,33.0,177.0,0.0,0.0
188708,Thermotogae,0.0,0.0,0.0,0.0,0.0,0.0,0.0,0.0,0.0,0.0,0.0,0.0,0.0,0.0,0.0,0.0,0.0,0.0,0.0,0.0,0.0,0.0,0.0,0.0,0.0,0.0,0.0,0.0,0.0,0.0,0.0,0.0,0.0,0.0,0.0,0.0,0.0,0.0,0.0,0.0,0.0,0.0,0.0,0.0,0.0,0.0,0.0,0.0,0.0,0.0,0.0,0.0,0.0,0.0,0.0,0.0,0.0,0.0,0.0,0.0,0.0,0.0,0.0,0.0,0.0,0.0,0.0,0.0,0.0,0.0,0.0,0.0,0.0,0.0,0.0,0.0,0.0,0.0,0.0,0.0,0.0,0.0,0.0,0.0,0.0,0.0,0.0,0.0,0.0,0.0,0.0,0.0,0.0,0.0,0.0,0.0,0.0,0.0,0.0,0.0,0.0,0.0,0.0,0.0,0.0,0.0,0.0,0.0,0.05485409595438364,0.0,0.0,0.0,0.0,0.0,0.0,0.0,0.0,0.0,0.0,0.0,0.0,0.0,0.0,0.0,0.0,0.0,0.0,0.0,0.0,0.0,0.0,0.0,0.0,0.0,0.0,0.0,0.0,0.0,0.0,0.0,0.0,0.0,0.0,0.0,0.0,0.0,0.0,0.0,0.0,0.0,0.0,0.0,0.0,0.0,0.0,0.0,0.0,0.0,0.0,0.0,0.0,0.0,0.0,0.0,0.0,0.0,0.0,0.0,0.0,0.0,0.0,0.0,0.0,0.0,0.0,0.0,0.0,0.0,0.0,0.0,0.0,0.0,0.0,0.0,0.0,0.0,0.0,0.0,0.0,0.0,0.0,0.0,0.0,0.0,0.0,0.0,0.0,0.0,0.0,0.0,0.0,0.0,0.0,0.0,0.0,0.0,0.0,0.0,0.0,0.0,0.0,0.0,0.0,0.0,0.0,0.0,0.0,0.0,0.0,0.0,0.0,0.0,0.0,0.0,0.0,0.0,0.0,0.0,0.0,0.0,0.0,0.0,0.0,0.0,0.0,0.0,0.0,0.0,0.0,0.0,0.0,0.0,0.0,1.3741266867106239,0.0,0.0,0.0,0.0,0.0,0.0,0.0,0.0,0.0,0.0,0.0,0.0,0.0,0.0,0.0,0.0,0.0,0.0,0.0,0.0,0.0,0.0,0.0,0.0,0.0,0.0,0.0,0.0,0.0
188787,Deinococci,0.0,0.0,0.0,0.0,0.0,0.0,0.0,0.0,0.0,0.0,0.0,0.0,0.0,0.0,0.0,0.0,0.0,0.0,0.0,0.0,0.0,0.0,0.0,0.0,0.0,0.0,1.7709207818842132,0.0,0.0,0.0,0.0,0.0,0.0,0.0,0.0,0.0,0.0,0.0,0.0,0.0,0.0,0.0,0.0,0.0,0.0,0.0,0.0,0.0,0.0,0.0,0.0,0.0,0.0,0.0,0.0,0.0,0.0,0.0,0.0,0.0,0.0,0.0,0.0,0.0,0.0,0.0,0.0,0.0,0.8639875336661309,0.0,0.0,0.0,0.0,0.0,0.0,0.0,0.0,0.0,0.0,0.0,0.0,0.0,0.0,0.0,0.0,0.0,0.0,1.5735046842078662,0.0,0.0,0.0,0.0,0.0,0.0,0.0,0.0,0.0,0.0,0.0,0.0,0.0,0.0,0.0,0.0,0.0,0.0,0.0,0.0,0.7181165970705967,0.0,0.0,0.0,0.0,0.5234262962008792,0.0,0.0,0.0,0.0,3.190900217767365,0.0,0.0,0.0,0.0,0.0,0.0,0.0,0.0,0.0,0.0,0.0,0.0,0.0,0.0,0.0,0.0,0.09903492837428218,0.0,0.0,0.0,0.0,0.0,0.0,0.0,0.0,0.0,0.0,0.0,0.0,0.0,0.0,0.0,0.0,0.0,0.0,0.0,0.0,0.0,0.0,2.9129547435389176,0.0,0.0,0.0,0.2319107817659445,0.0,0.0,0.0,0.0,1.2612290027153072,0.0,0.0,0.0,0.0,0.0,0.0,0.0,0.0,0.0,0.10638915867849616,0.0,0.0,0.0,0.0,0.0,0.0,0.0,0.0,0.0,0.0,0.0,0.0,0.791100982712324,0.0,0.0,0.0,0.0,1.1240852059477653,0.0,0.0,0.0,0.0,0.16443754540974653,0.0,0.0,0.0,0.20745831733122194,0.0,0.0,0.0,0.0,0.19652869899116446,0.0,0.0,0.0,0.0,0.0,0.0,0.0,0.0,0.0,0.0,0.0,0.0,0.0,0.0,0.0,0.0,0.0,0.0,0.0,0.0,0.0,0.0,0.0,0.0,0.0,0.0,0.0,0.0,0.0,0.0,0.0,0.0,0.0,0.0,0.0,0.0,0.0,0.0,0.0,0.0,0.0,0.0,0.0,0.0,0.0,0.0,0.0,0.0,0.0,0.0,0.0,0.0,0.0,0.0,0.0,0.0,0.0,0.0,0.0,0.0,0.0,0.0,0.0
189775,Thermomicrobia,0.0,0.0,0.0,0.0,0.0,0.0,0.0,0.0,0.0,0.0,0.0,0.0,0.0,0.0,0.0,0.0,0.0,0.0,0.0,0.0,0.0,0.0,0.0,0.0,0.0,0.0,0.0,0.0,0.0,0.0,0.0,0.0,0.0,0.0,0.0,0.0,0.0,0.0,0.0,0.0,0.0,0.0,0.0,0.0,0.0,0.0,0.0,0.0,0.0,0.0,0.0,0.0,0.0,0.0,0.0,0.0,0.0,0.0,0.0,0.0,0.0,0.0,0.0,0.0,0.0,0.0,0.0,0.0,0.0,0.0,0.0,0.0,0.0,0.0,0.0,0.0,0.0,0.0,0.0,0.0,0.0,0.0,0.0,0.0,0.0,0.0,0.0,0.0,0.0,0.0,0.0,0.0,0.0,0.0,0.0,0.0,0.0,0.0,0.0,0.0,0.0,0.0,0.0,0.0,0.0,0.0,0.0,0.0,0.0,0.0,0.0,0.0,0.0,0.0,0.0,0.0,0.0,0.0,0.0,0.0,0.0,0.0,0.0,0.0,0.0,0.0,0.0,0.0,0.0,0.0,0.0,0.0,0.0,0.0,0.0,0.12455766424046895,0.0,0.0,0.0,0.0,0.0,0.0,0.0,0.0,0.0,0.0,0.0,0.0,0.0,0.0,0.0,0.0,0.0,0.0,0.0,0.0,0.0,0.0,0.0,0.0,0.0,0.0,0.0,0.0,0.0,0.0,0.0,0.0,0.0,0.0,0.0,0.0,0.0,0.0,0.0,0.0,0.0,0.0,0.0,0.0,0.0,0.0,0.0,0.0,0.0,0.0,0.0,0.0,0.0,0.0,0.0,0.0,0.0,0.0,0.0,0.0,0.0,0.0,0.0,0.0,0.0,0.0,0.0,0.0,0.0,0.0,0.0,0.0,0.0,0.0,0.0,0.0,0.0,0.0,0.0,0.0,0.0,0.0,0.0,0.0,0.0,0.0,0.0,0.0,0.0,0.0,0.0,0.0,0.0,0.0,0.0,0.0,0.0,0.0,0.0,0.0,0.0,0.0,0.0,0.0,0.0,0.0,0.0,0.0,0.0,0.0,0.0,0.0,0.0,0.0,0.0,0.0,0.0,0.0,0.0,0.0,0.0,0.0,0.0,0.0,0.0,0.0,0.0,0.0,0.0,0.0,0.0,0.0,0.0,0.0,0.0,0.0,0.0
191410,Chlorobia,0.0,0.0,0.0,0.0,0.0,0.0,0.0,0.0,0.0,0.0,0.0,0.0,0.0,0.0,0.0,0.0,0.0,0.0,0.0,0.0,0.0,0.0,0.0,0.0,0.0,0.0,0.0,0.0,0.0,0.0,0.0,0.0,0.0,0.0,0.0,0.0,0.0,0.0,0.0,0.0,0.0,0.0,0.0,0.0,0.0,0.0,0.0,0.0,0.0,0.0,0.0,0.0,0.0,0.0,0.0,0.0,0.0,0.0,0.0,0.0,0.0,0.0,0.0,0.0,0.0,0.0,0.0,0.0,0.0,0.0,0.0,0.0,0.0,0.0,0.0,0.0,0.0,0.0,0.0,0.0,0.0,0.0,0.0,0.0,0.0,0.0,0.0,0.0,0.0,0.0,0.0,0.0,0.0,0.0,0.0,0.0,0.0,0.0,0.0,0.0,0.0,0.0,0.0,0.0,0.0,0.0,0.0,0.0,0.14205710506665592,0.0,0.0,0.0,0.0,0.0,0.0,0.0,0.0,0.0,0.0,0.0,0.0,0.0,0.0,0.0,0.0,0.0,0.0,0.0,0.0,0.0,0.0,0.0,0.0,0.0,0.0,0.0,0.0,0.0,0.0,0.0,0.0,0.0,0.0,0.0,0.0,0.0,0.0,0.0,0.0,0.0,0.0,0.0,0.0,0.0,0.0,0.0,0.0,0.0,0.0,0.0,0.0,0.0,0.0,0.0,0.0,0.0,0.0,0.0,0.0,0.0,0.0,0.0,0.0,0.0,0.0,0.0,0.0,0.0,0.0,0.0,0.0,0.0,0.0,0.0,0.0,0.0,0.0,0.0,0.0,0.0,0.0,0.0,0.0,0.0,0.0,0.0,0.0,0.0,0.0,0.0,0.0,0.0,0.0,0.0,0.0,0.0,0.0,0.0,0.0,0.0,0.0,0.0,0.0,0.0,0.1346375672542375,0.0,0.0,0.0,0.0,0.0,0.0,0.0,0.0,0.0,0.0,0.0,0.0,0.0,0.0,0.0,0.0,0.0,0.0,1.1220700012253848,0.0,0.0,0.0,0.0,0.0,0.0,0.0,0.0,0.0,0.0,0.0,0.0,0.0,0.0,0.0,0.0,0.0,0.0,0.0,0.0,0.0,0.0,0.0,0.0,0.0,0.0,0.0,0.0,0.0,0.0,0.0,0.0,0.0,0.0,0.0,0.0,0.0,0.0,0.0
200643,Bacteroidia,1.0,0.43617187973291544,1936.0,291.0,1243.0,164.0,0.0,62.0,966.0,2331.0,326.0,0.507228556366035,1219.0,455.0,0.0,87.0,0.26684370885571845,2442.0,2032.0,1647.0,57.0,0.3488468001379818,1499.0,1531.0,2.0,202.0,5.8226066011239554,2442.0,2032.0,1647.0,57.0,0.0,1936.0,291.0,1243.0,164.0,0.0,54.0,1632.0,2619.0,146.0,0.0,186.0,1359.0,2015.0,188.0,2.3728619998607026,1.0,61.30060665233259,684.0,1037.0,1021.0,214.0,2.7015064064229355,286.0,110.0,513.0,131.0,1.9358091471319636,581.0,1134.0,760.0,71.0,0.22983253870744477,1238.0,1125.0,0.0,711.0,1.7911096905818276,3014.0,846.5,5.0,118.0,0.6597346388559782,1.0,1338.0,616.0,240.0,1.3843565456951221,450.0,1527.0,2320.0,623.0,0.6132000512777463,828.0,1573.0,123.0,0.7175072025557003,938.0,208.0,2570.0,496.0,1.2884572088306605,3343.0,484.0,368.0,815.0,2.178409210162961,3.0,928.0,1191.0,85.0,0.0,576.0,4.0,53.0,1377.0,24.0,1.2111125698450935,899.0,2446.0,1430.0,1051.0,0.0,3014.0,846.5,5.0,118.0,1.8660787269586265,2.0,338.0,1118.0,127.0,0.3330397159811328,883.0,83.0,234.0,129.0,0.0,0.0,0.0,1.0,1475.0,286.0,263.0,1.1838927312549348,1140.0,204.5,1.0,0.0,922.0,0.0,735.0,1457.0,806.0,572.0,0.0,186.0,1359.0,2015.0,188.0,0.0,0.0,2.701186589886137,3.0,897.0,1822.0,338.0,0.6685747377675028,2409.0,0.0,89.0,0.2053195079168419,0.0,1132.0,5726.0,225.0,0.0,3112.0,0.0,161.0,166.0,0.0,874.0,836.0,720.0,1332.0,0.9109845346513616,299.0,440.0,4537.0,769.0,0.6653211406892255,1219.0,455.0,0.0,87.0,15.87553587555074,947.0,620.0,6.624566270250722,0.0,603.0,928.0,267.0,0.0,1.0,1338.0,616.0,240.0,1773.6393849344656,1978.0,20.0,148.0,0.35391297292233226,693.0,619.0,172.0,44.0,0.0,4050.0,256.5,0.0,540.0,5.025858198432211,0.0,968.0,3639.0,142.0,0.4416255795177667,22.0,621.0,1683.0,29.0,0.0,1434.0,1112.0,589.0,953.0,0.0,1251.0,349.0,750.0,1.7909793439574604,54.0,1632.0,2619.0,146.0,0.33649603525675603,1237.0,1235.0,286.0,358.0,0.0,711.5,664.0,2.0,170.0,0.0,445.0,315.0,194.0,165.0,0.38695323117387465,670.0,18.0,42.0,0.0,1562.0,26.0,1653.0,535.0,2.903117745596033,693.0,619.0,172.0,44.0,190.54413796618329,1610.0,439.0,908.0,146.0,0.0
203490,Fusobacteriia,0.0,0.0,6.0,0.0,0.0,24.0,0.0,0.0,109.0,0.0,63.0,0.0,263.0,9.0,0.0,4.5,0.0,90.0,18.0,1.0,10.0,0.0,35.0,0.0,0.0,18.0,0.0,90.0,18.0,1.0,10.0,0.0,6.0,0.0,0.0,24.0,0.0,0.0,55.0,0.0,9.0,0.0,3.0,41.0,0.0,1.0,0.0,0.0,0.0,0.0,31.0,0.0,17.0,0.0,0.0,1.0,430.0,96.0,0.0,0.0,0.0,163.0,54.0,0.28066331621725676,11.0,0.0,0.0,19.0,0.23260505856240732,0.0,51.0,0.0,44.5,0.0,0.0,0.0,102.0,10.0,0.0,38.0,0.0,0.0,4.0,0.0,82.0,168.0,23.0,0.0,0.0,52.0,0.0,57.0,0.0,1.0,37.0,41.0,228.0,0.8822411990844851,0.0,71.0,0.0,3.0,0.0,102.0,4.0,0.0,0.0,0.0,0.07911578082280016,0.0,18.0,0.0,6.0,1.580261313820399,0.0,51.0,0.0,44.5,0.7670433215786934,0.0,10.0,0.0,4.0,0.0,1.0,1.0,181.0,51.0,0.0,0.0,0.0,0.0,0.0,40.0,15.0,0.147540400679007,0.0,12.0,0.0,0.0,27.0,0.0,28.0,0.0,0.0,5.0,0.0,3.0,41.0,0.0,1.0,0.0,0.0,0.0,0.0,54.0,0.0,2.0,0.0,305.0,0.0,14.0,0.0,0.0,57.0,0.0,83.0,0.0,35.0,0.0,0.0,84.0,0.0,2.0,25.0,0.0,61.0,0.0,9.0,22.0,0.0,564.0,0.0,263.0,9.0,0.0,4.5,0.0,0.0,73.0,0.7736147567224937,0.0,42.0,0.0,12.0,0.0,0.0,0.0,102.0,10.0,0.0008181441808501322,149.0,0.0,10.0,0.0,100.0,0.0,0.0,217.0,0.0,0.0,133.0,0.0,200.0,0.16240934267796633,0.0,34.0,0.0,51.0,0.0,0.0,20.0,0.0,8.0,0.0,17.0,0.0,0.0,60.0,1.4688577942423755,36.0,1.0,103.0,0.0,0.0,55.0,0.0,9.0,0.0,0.0,88.0,0.0,23.0,0.0,0.0,27.0,0.0,88.0,0.0,111.0,0.0,0.0,9.0,0.0,61.0,0.0,2.0,0.0,0.0,0.0,171.0,262.0,0.0,100.0,0.0,0.0,217.0,0.0,0.0,69.0,0.0,17.0,0.0
203494,Verrucomicrobiae,0.0,0.0,0.0,23.0,0.0,0.0,0.0,0.0,0.0,4.0,0.0,0.0,0.0,0.0,0.0,0.0,0.0,0.0,0.0,0.0,0.0,0.0,0.0,0.0,0.0,0.0,0.0,0.0,0.0,0.0,0.0,0.0,0.0,23.0,0.0,0.0,0.0,0.0,0.0,0.0,0.0,0.0,0.0,0.0,0.0,0.0,0.0,0.0,6.788368834735637,0.0,0.0,0.0,0.0,5.2354536255372945,23.0,0.0,0.0,0.0,0.0,0.0,5.0,0.0,0.0,0.0,0.0,389.0,0.0,0.0,0.11140977719240262,0.0,0.0,0.0,0.0,0.0,0.0,6.0,0.0,0.0,0.0,0.0,0.0,0.0,0.0,0.0,0.0,0.0,0.0,0.0,0.0,0.0,0.0,0.0,0.0,0.0,0.0,0.0,0.0,0.0,0.0,0.0,0.0,0.0,0.0,0.0,0.0,0.0,2.0,0.0,0.11102556846270843,0.0,0.0,0.0,0.0,0.0,0.0,0.0,0.0,0.0,0.0,0.0,0.0,12.0,0.0,0.21004928854893687,5.0,0.0,0.0,0.0,0.0,0.0,0.0,0.0,0.0,0.0,0.0,0.0,1.0,0.0,0.0,0.0,0.0,31.166693691907316,0.0,0.0,0.0,0.0,31.166693691907316,0.0,0.0,0.0,0.0,0.0,0.0,5.235798292995894,0.0,0.0,2.0,0.0,0.0,0.0,0.0,0.0,0.0,0.0,0.0,0.0,0.0,0.0,0.0,0.0,0.0,0.0,31.166693691907316,0.0,0.0,1.0,0.0,0.0,0.0,0.0,4.0,0.0,0.0,0.0,0.0,0.0,0.0,0.0,0.0,0.0,0.0,0.0,0.0,1.0,0.0,0.0,0.0,6.0,0.0,0.0,0.3824039404962021,0.0,0.0,0.0,0.0,0.0,0.0,0.0,0.0,0.0,0.0,0.0,0.0,0.0,0.0,0.0,0.0,0.0,0.0,0.0,0.0,0.0,8.0,0.0,0.0,0.0,19.0,0.0,0.0,0.0,0.0,0.0,0.0,0.0,0.0,0.0,0.0,0.0,0.0,0.0,0.0,0.0,0.0,0.0,0.0,0.0,0.0,0.0,31.166693691907316,0.0,5.0,0.0,0.0,0.0,0.0,0.0,0.0,0.0,0.0,0.0,0.0,0.0,0.0,0.0,0.0,0.0,0.0,0.0,0.0,0.0,0.0,0.0,31.166693691907316
203683,Planctomycetia,0.0,0.0,0.0,0.0,0.0,0.0,0.0,0.0,0.0,0.0,0.0,0.0,0.0,0.0,0.0,0.0,0.0,0.0,0.0,0.0,0.0,0.0,0.0,0.0,0.0,0.0,0.0,0.0,0.0,0.0,0.0,0.0,0.0,0.0,0.0,0.0,0.0,0.0,0.0,0.0,0.0,0.0,0.0,0.0,0.0,0.0,0.0,0.0,0.0,0.0,0.0,0.0,0.0,0.0,0.0,0.0,0.0,0.0,0.0,0.0,0.0,0.0,0.0,0.0,0.0,0.0,0.0,0.0,0.0,0.0,0.0,0.0,0.0,0.0,0.0,0.0,0.0,0.0,0.0,0.0,0.0,0.0,0.0,0.0,0.0,0.0,0.0,0.0,0.0,0.0,0.0,0.0,0.0,0.0,0.0,0.0,0.0,0.0,0.0,0.0,0.0,0.0,0.0,0.0,0.0,0.0,0.0,0.0,0.01763088954691264,0.0,0.0,0.0,0.0,0.0,0.0,0.0,0.0,0.0,0.0,0.0,0.0,0.0,0.0,0.09027740083075383,0.0,0.0,0.0,0.0,0.0,0.0,0.0,0.0,0.0,0.0,0.0,0.10392330005382516,0.0,0.0,0.0,0.0,0.0,0.0,0.0,0.0,0.0,0.0,0.0,0.0,0.0,0.0,0.0,0.0,0.0,0.0,0.0,0.0,0.0,0.0,0.0,0.0,0.0,0.0,0.09782101396292849,0.0,0.0,0.0,0.0,0.0,0.0,0.0,0.0,0.0,0.0,0.0,0.0,0.0,0.0,0.0,0.0,0.0,0.0,0.0,0.0,0.0,0.0,0.0,0.0,0.0,0.0,0.0,0.0,0.0,0.0,0.0,0.0,0.0,0.0,0.0,0.0,0.0,0.0,0.0,0.0,0.0,0.0,0.0,0.0,0.0,0.0,0.0,0.0,0.0,0.0,0.0,0.05943159940677974,0.0,0.0,0.0,0.0,0.0,0.0,0.0,0.0,0.0,0.0,0.0,0.0,0.0,0.0,0.0,0.0,0.0,0.0,0.0,0.0,0.0,0.0,0.0,0.0,0.0,0.0,0.0,0.0,0.0,0.0,0.0,0.0,0.0,0.0,0.0,0.0,0.0,0.0,0.2828780292500025,0.0,0.0,0.0,0.0,0.0,0.0,0.0,0.0,0.0,0.0,0.0,0.0,0.0,0.0,0.0,0.0,0.0,0.0,0.0
203692,Spirochaetia,0.0,0.0,1.0,0.0,0.0,0.0,0.0,0.0,0.0,0.0,0.0,0.0,1.0,0.0,0.0,0.0,0.0,0.0,0.0,0.0,0.0,0.07039875285109957,1.0,0.0,0.0,0.0,0.0,0.0,0.0,0.0,0.0,0.0,1.0,0.0,0.0,0.0,0.0,0.0,1.0,0.0,1.0,0.0,0.0,0.0,0.0,0.0,0.0,0.0,0.0,0.0,2.0,0.0,2.0,0.0,0.0,0.0,4.0,0.0,0.0,0.0,0.0,0.0,0.0,0.0,2.0,0.0,0.0,1.0,0.26721674926466643,0.0,0.5,0.0,0.0,0.0,0.0,0.0,0.0,0.0,0.0,4.0,0.0,0.0,0.0,1.0670487734405518,8.0,0.0,1.0,0.0,0.0,0.0,0.0,0.0,0.0,0.0,0.0,0.0,0.0,0.0,0.0,12.0,0.0,0.0,0.0,111.0,0.0,0.0,0.0,0.0,0.29919085291730535,0.0,2.0,0.0,0.0,0.0,0.0,0.5,0.0,0.0,0.0,0.0,0.0,0.0,0.0,0.0,0.0,0.0,4.0,0.0,0.0,0.0,0.0,0.0,0.0,0.5,0.0,0.16176903159508388,0.0,13.5,0.0,0.0,1.0,0.0,2.0,0.0,0.0,0.0,0.0,0.0,0.0,0.0,0.0,0.0,0.0,0.0,0.0,7.0,0.0,1.0,0.0,2.0,0.0,0.0,0.0,0.0,0.0,0.0,0.0,0.0,1.0,0.0,0.0,0.0,0.0,0.0,0.0,0.0,3.0,0.0011822581257614777,0.0,0.0,0.0,11.0,0.0,1.0,0.0,0.0,0.0,0.0,0.0,0.0,0.0,0.0,0.0,0.0,0.0,0.0,0.0,0.0,0.0,0.0,1.3104940679844672,5.0,0.0,0.0,0.10008269918565693,6.0,0.0,0.0,0.0,0.27627779302951644,0.0,5.5,0.0,106.0,0.0,0.0,0.0,0.0,2.0,0.5170585201186276,0.0,1.0,0.0,0.0,0.0,1.0,0.0,0.0,1.0,0.0,1.0,0.0,0.0,0.7975627589482248,0.0,1.0,0.0,1.0,0.0,0.0,102.0,0.0,8.0,0.0,0.0,0.0,0.0,3.0,0.0,5.0,0.0,0.0,0.0,0.0,22.0,0.0,8.0,0.0,0.0,0.0,3.0,0.0,0.0,6.0,0.0,0.0,0.0,0.0,0.0,72.0,0.0,0.0,0.0
203693,Nitrospira,0.0,0.6357685576747802,0.0,0.0,0.0,0.0,0.0,0.0,0.0,0.0,0.0,0.0,0.0,0.0,0.0,0.0,0.0,0.0,0.0,0.0,0.0,0.07191395779657025,0.0,0.0,0.0,0.0,0.0,0.0,0.0,0.0,0.0,0.0,0.0,0.0,0.0,0.0,0.0,0.0,0.0,0.0,0.0,0.0,0.0,0.0,0.0,0.0,0.0,0.0,0.0,0.0,0.0,0.0,0.0,3.2309112006800937,0.0,0.0,0.0,0.0,0.0,0.0,0.0,0.0,0.0,0.0,0.0,0.0,0.0,0.0,0.0,0.0,0.0,0.0,0.0,0.0,0.0,0.0,0.0,0.0,0.0,0.0,0.0,0.0,0.0,0.0,0.0,0.0,0.0,0.0,0.0,0.0,0.0,0.0,0.0,0.0,0.0,0.0,0.0,0.0,0.0,0.0,0.0,0.0,0.0,0.0,0.0,0.0,0.0,0.0,0.2688911921766584,0.0,0.0,0.0,0.0,0.45116221799404144,0.0,0.0,0.0,0.0,0.0,0.0,0.0,0.0,0.0,0.0,0.0,0.0,0.0,0.0,0.0,0.0,0.0,0.0,0.0,0.0,0.0,0.25281010082391814,0.0,0.0,0.0,0.0,0.0,0.0,0.0,0.0,0.0,0.0,0.0,0.0,0.0,0.0,0.0,0.0,0.0,3.2307302114283374,0.0,0.0,0.0,0.0,0.0,0.0,0.0,0.0,0.0,0.0,0.0,0.0,0.0,0.0,0.0,0.0,0.0,0.0,0.0,0.0,0.0,0.0,0.0,0.0,0.0,0.0,0.0,0.0,0.0,0.0,0.0,0.0,0.0,0.0,0.0,0.0,0.0,0.0,0.0,0.0,0.0,0.6133771460643412,0.0,0.0,0.0,0.0,0.0,0.0,0.0,0.0,0.0,0.0,0.0,0.0,0.0,0.0,0.0,0.0,0.0,0.0,0.0,0.0,0.0,0.0,0.0,0.5281448765402692,0.0,0.0,0.0,0.0,0.0,0.0,0.0,0.0,0.0,0.0,0.0,0.0,0.0,1.6287257228188803,0.0,0.0,0.0,0.0,0.0,0.0,0.0,0.0,0.0,0.0,0.0,0.0,0.0,0.0,0.0,0.0,0.0,0.0,0.0,0.0,0.0,0.0,0.0,1.071137188791553,0.0,0.0,0.0,0.0,0.0,0.0,0.0,0.0,0.0,0.0,0.0,0.0,0.0,0.0,0.0
204429,Chlamydiia,0.0,1.1368712312531164,0.0,0.0,0.0,0.0,0.0,0.0,0.0,0.0,0.0,0.0,0.0,0.0,0.0,0.0,0.0,0.0,0.0,0.0,0.0,0.10099423732695,0.0,0.0,0.0,0.0,1.4593690791433582,0.0,0.0,0.0,0.0,0.0,0.0,0.0,0.0,0.0,0.0,0.0,0.0,0.0,0.0,0.0,0.0,0.0,0.0,0.0,0.0,0.0,0.0,0.0,0.0,0.0,0.0,0.0,0.0,0.0,0.0,0.0,0.0,0.0,0.0,0.0,0.0,0.0,0.0,0.0,0.0,0.0,0.0,0.0,0.0,0.0,0.0,0.0,0.0,0.0,0.0,0.0,0.0,0.0,0.0,0.0,0.0,1.1227208833591893,0.0,0.0,0.0,0.0,0.0,0.0,0.0,0.0,0.0,0.0,0.0,0.0,0.0,0.0,0.0,0.0,0.0,0.0,0.0,0.0,0.0,0.0,0.0,0.0,0.3182196253631221,0.0,0.0,0.0,0.0,0.0,0.0,0.0,0.0,0.0,0.0,0.0,0.0,0.0,0.0,0.0,0.0,0.0,0.0,0.0,0.0,0.0,0.0,0.0,0.0,0.0,0.0,0.4863322375522786,0.0,0.0,0.0,0.0,0.0,0.0,0.0,0.0,0.0,0.0,0.0,0.0,0.0,0.0,0.0,0.0,0.0,0.0,0.0,0.0,0.0,0.0,0.0,0.0,0.0,0.0,0.0,0.0,0.0,0.0,0.0,0.0,0.0,0.0,0.0,0.0,0.0,0.0,0.0,0.0,0.0,0.0,0.0,0.0,0.0,0.0,2.908527413522237,0.0,0.0,0.0,0.0,0.0,0.0,0.0,0.0,0.0,0.0,0.0,0.0,0.0,0.0,0.0,0.0,0.0,0.0,0.0,0.0,0.0,0.0,0.0,0.0,0.0,0.0,0.0,0.0,0.0,0.0,0.0,0.332983587330509,0.0,0.0,0.0,0.0,0.0,0.0,0.0,0.0,0.0,0.0,0.0,0.0,0.0,0.0,0.0,0.0,0.0,0.0,0.0,0.0,0.0,0.0,0.0,0.0,0.0,0.0,0.0,0.0,0.0,0.0,0.0,0.0,0.0,0.0,0.0,0.0,0.0,0.0,0.0,0.0,0.0,0.0,0.0,0.0,0.0,0.0,0.0,0.0,0.0,0.0,0.0,0.0,0.0,0.0,0.0,0.0,0.0,0.0
204430,Fibrobacteria,0.0,0.0,0.0,0.0,0.0,0.0,0.0,0.0,0.0,0.0,0.0,0.0,0.0,0.0,0.0,0.0,0.0,0.0,0.0,0.0,0.0,0.0,0.0,0.0,0.0,0.0,0.0,0.0,0.0,0.0,0.0,0.0,0.0,0.0,0.0,0.0,0.0,0.0,0.0,0.0,0.0,0.0,0.0,0.0,0.0,0.0,0.0,0.0,0.0,0.0,0.0,0.0,0.0,0.0,0.0,0.0,0.0,0.0,0.0,0.0,0.0,0.0,0.0,0.0,0.0,0.0,0.0,0.0,0.0,0.0,0.0,0.0,0.0,0.0,0.0,0.0,0.0,0.0,0.0,0.0,0.0,0.0,0.0,0.0,0.0,0.0,0.0,0.0,0.0,0.0,0.0,0.0,0.0,0.0,0.0,0.0,0.0,0.0,0.0,0.0,0.0,0.0,0.0,0.0,0.0,0.0,0.0,0.0,0.0,0.0,0.0,0.0,0.0,0.0,0.0,0.0,0.0,0.0,0.0,0.0,0.0,0.0,0.0,0.0,0.0,0.0,0.0,0.0,0.0,0.0,0.0,0.0,0.0,0.0,0.0,0.0,0.0,0.0,0.0,0.0,0.0,0.0,0.0,0.0,0.0,0.0,0.0,0.0,0.0,0.0,0.0,0.0,0.0,0.0,0.0,0.0,0.0,0.0,0.0,0.0,0.0,0.0,0.0,0.0,0.0,0.0,0.0,0.0,0.0,0.0,0.0,0.0,0.0,0.0,0.0,0.0,0.0,0.0,0.0,0.0,0.0,0.0,0.0,0.0,0.0,0.0,0.0,0.0,0.0,0.0,0.0,0.0,0.0,0.0,0.0,0.0,0.0,0.0,0.0,0.0,0.0,0.0,0.0,0.0,0.0,0.0,0.0,0.0,0.0,0.0,0.0,0.0,0.0,0.0,0.0,0.0,0.0,0.0,0.0,0.0,0.0,0.0,0.0,0.0,0.0,0.0,0.0,0.0,0.0,0.0,0.0,0.0,0.0,0.0,0.0,0.0,0.0,0.0,0.0,0.0,0.0,0.0,0.0,0.0,0.0,0.0,0.0,0.0,0.0,0.0,0.0,0.0,0.0,0.0,0.0,0.0,0.0,0.0,0.0,0.0,0.0,0.0,0.2745816391507272,0.0,0.0,0.0,0.0,0.0,0.0,0.0,0.0,0.0,0.0
204432,Acidobacteriia,0.0,0.0,0.0,0.0,0.0,0.0,0.0,0.0,0.0,0.0,0.0,0.0,0.0,0.0,0.0,0.0,0.0,0.0,0.0,0.0,0.0,0.07517747614066098,0.0,0.0,0.0,0.0,0.0,0.0,0.0,0.0,0.0,0.0,0.0,0.0,0.0,0.0,0.0,0.0,0.0,0.0,0.0,0.0,0.0,0.0,0.0,0.0,0.0,0.0,0.0,0.0,0.0,0.0,0.0,0.0,0.0,0.0,0.0,0.0,0.0,0.0,0.0,0.0,0.0,0.0,0.0,0.0,0.0,0.0,0.0,0.0,0.0,0.0,0.0,0.0,0.0,0.0,0.0,0.0,0.0,0.0,0.0,0.0,0.0,0.0,0.0,0.0,0.0,0.0,0.0,0.0,0.0,0.0,0.0,0.0,0.0,0.0,0.0,0.0,0.0,0.0,0.0,0.0,0.0,0.0,0.0,0.0,0.0,0.0,0.06415257879761838,0.0,0.0,0.0,0.0,0.0,0.0,0.0,0.0,0.0,0.0,0.0,0.0,0.0,0.0,0.10167419719512721,0.0,0.0,0.0,0.0,0.5157042182343433,0.0,0.0,0.0,0.0,0.0,0.0,0.0,0.0,0.0,0.0,0.0,0.0,0.0,0.0,0.0,0.0,0.0,0.0,0.0,0.0,0.0,0.0,0.0,0.0,0.0,0.0,0.0,0.0,0.0,0.0,0.0,0.0,0.0,0.0,0.0,0.0,0.0,0.0,0.0,0.0,0.0,0.0,0.0,0.0,0.0,0.0,0.0,0.0,0.0,0.0,0.0,0.0,0.0,0.0,0.0,0.0,0.0,0.0,0.0,0.0,0.0,0.0,0.0,0.0,0.0,0.0,0.0,0.0,0.0,0.0,0.0,0.0,0.0,0.0,0.0,0.0,0.0,0.0,0.0,0.0,0.0,0.0,0.0,0.0,0.0,0.0,0.0,0.0,0.0,0.0,0.0,0.0,0.0,0.0,0.0,0.0,0.0,0.0,0.0,0.0,0.0,0.0,0.0,0.0,0.0,0.0,0.0,0.0,0.0,0.0,0.0,0.0,0.0,0.0,0.0,0.0,0.0,0.0,0.0,0.0,0.0,0.0,0.0,0.0,0.0,0.0,0.0,0.0,0.0,0.0,0.0,0.0,0.0,0.0,0.0,0.0,0.0,0.0,0.0,0.0,0.0,0.0,0.0,0.0
219685,Gemmatimonadetes,0.0,0.0,0.0,0.0,0.0,0.0,0.0,0.0,0.0,0.0,0.0,0.0,0.0,0.0,0.0,0.0,0.0,0.0,0.0,0.0,0.0,0.0,0.0,0.0,0.0,0.0,0.7600472519565411,0.0,0.0,0.0,0.0,0.0,0.0,0.0,0.0,0.0,0.0,0.0,0.0,0.0,0.0,0.0,0.0,0.0,0.0,0.0,0.0,0.0,0.0,0.0,0.0,0.0,0.0,0.0,0.0,0.0,0.0,0.0,0.0,0.0,0.0,0.0,0.0,0.0,0.0,0.0,0.0,0.0,0.0,0.0,0.0,0.0,0.0,0.0,0.0,0.0,0.0,0.0,0.0,0.0,0.0,0.0,0.0,0.0,0.0,0.0,0.0,0.0,0.0,0.0,0.0,0.0,0.0,0.0,0.0,0.0,0.0,0.0,0.0,0.0,0.0,0.0,0.0,0.0,0.0,0.0,0.0,0.0,0.0,0.0,0.0,0.0,0.0,0.0,0.0,0.0,0.0,0.0,0.0,0.0,0.0,0.0,0.0,0.0,0.0,0.0,0.0,0.0,0.0,0.0,0.0,0.0,0.0,0.0,0.0,0.07846694484329192,0.0,0.0,0.0,0.0,0.0,0.0,0.0,0.0,0.0,0.0,0.0,0.0,0.0,0.0,0.0,0.0,0.0,0.0,0.0,0.0,0.0,0.0,0.0,0.0,0.0,0.0,0.0,0.0,0.0,0.0,0.0,0.0,0.0,0.0,0.0,0.0,0.0,0.0,0.0,0.0,0.0,0.0,0.0,0.0,0.0,0.0,0.0,0.0,0.0,0.0,0.0,0.0,0.0,0.0,0.0,0.0,0.0,0.0,0.0,0.0,0.0,0.0,0.0,0.0,0.0,0.0,0.0,0.0,0.0,0.0,0.0,0.0,0.0,0.0,0.0,0.0,0.0,0.0,0.07942727771186454,0.0,0.0,0.0,0.0,0.0,0.0,0.0,0.0,0.0,0.0,0.0,0.0,0.0,0.0,0.0,0.0,0.0,0.0,0.0,0.0,0.0,0.0,0.0,0.0,0.0,0.0,0.0,0.0,0.0,0.0,0.0,0.0,0.0,0.0,0.0,0.0,0.0,0.0,0.0,0.0,0.0,0.0,0.0,0.0,0.0,0.0,0.0,0.0,0.0,0.0,0.0,0.0,0.0,0.0,0.0,0.0,0.0,0.0
224756,Methanomicrobia,0.0,0.0,0.0,0.0,0.0,0.0,0.0,0.0,0.0,0.0,0.0,0.0,0.0,0.0,0.0,0.0,0.0,0.0,0.0,0.0,0.0,0.0,0.0,0.0,0.0,0.0,0.0,0.0,0.0,0.0,0.0,0.0,0.0,0.0,0.0,0.0,0.0,0.0,0.0,0.0,0.0,0.0,0.0,0.0,0.0,0.0,0.0,0.0,0.0,0.0,0.0,0.0,0.0,2.8618698004115117,0.0,0.0,0.0,0.0,0.0,0.0,0.0,0.0,0.0,0.0,0.0,0.0,0.0,0.0,0.0,0.0,0.0,0.0,0.0,0.0,0.0,0.0,0.0,0.0,0.0,0.0,0.0,0.0,0.0,0.0,0.0,0.0,0.0,0.0,0.0,0.0,0.0,0.0,0.5191707626695357,0.0,0.0,0.0,0.0,0.0,0.0,0.0,0.0,0.0,0.0,0.0,0.0,0.0,0.0,0.0,0.06272908024349863,0.0,0.0,0.0,0.0,0.0,0.0,0.0,0.0,0.0,0.0,0.0,0.0,0.0,0.0,0.0,0.0,0.0,0.0,0.0,0.0,0.0,0.0,0.0,0.0,0.0,0.0,0.0,0.0,0.0,0.0,0.0,0.0,0.0,0.0,0.0,0.0,0.0,0.0,0.0,0.0,0.0,0.0,0.0,0.0,2.8615920364115417,0.0,0.0,0.0,0.0,0.6997819446727898,0.0,0.0,0.0,0.0,0.0,0.0,0.0,0.0,0.0,0.0,0.0,0.0,0.0,0.0,0.0,0.0,0.0,0.0,0.0,0.0,0.0,0.0,0.0,0.0,0.0,0.0,0.0,0.0,0.0,0.0,0.0,0.0,0.0,0.0,0.0,0.0,0.0,0.0,0.0,0.0,0.0,0.0,0.0,0.0,0.0,0.0,0.0,0.0,0.0,0.0,0.0,0.0,0.0,0.0,0.0,0.0,0.0,0.0,0.0,0.0,0.0,0.0,0.0,0.0,0.0,0.0,0.0,0.0,0.0,0.0,0.0,0.0,0.0,0.0,0.0,0.0,0.0,0.0,0.0,0.0,0.0,0.0,0.0,0.0,0.0,0.0,0.0,0.0,0.0,0.0,0.0,0.0,0.0,0.0,0.0,0.0,0.0,0.0,0.0,0.0,0.0,0.0,0.0,0.0,0.0,0.0,0.0,0.0,0.0,0.0,0.0,0.0,0.0,0.0
28211,Alphaproteobacteria,3.0,11.68937725989422,0.0,0.0,0.0,1.0,0.0,0.0,0.0,0.0,0.0,9.48866177781586,0.0,0.0,1.0,0.0,0.7423327916279199,0.0,0.0,0.0,0.0,7.1734580841871844,0.0,0.0,0.0,0.0,72.36823388624019,0.0,0.0,0.0,0.0,0.0,0.0,0.0,0.0,1.0,1.5294525975068356,0.0,0.0,0.0,0.0,3.651680574659043,0.0,0.0,0.0,0.0,9.993618214792,3.0,2.670288428235007,0.0,0.0,0.0,0.0,76.72843578001994,0.0,0.0,0.0,0.0,16.83349402565824,0.0,0.0,0.0,0.0,0.2636636191030482,0.0,0.0,0.0,0.0,26.962945592617437,0.0,0.0,0.0,0.0,3.14910540485988,0.0,0.0,0.0,0.0,4.60502562089327,0.0,0.0,0.0,0.0,16.360984210263005,0.0,0.0,0.0,47.20618831453178,0.0,0.0,0.0,0.0,20.925719024791405,0.0,0.0,0.0,0.0,11.796851865979406,0.0,0.0,0.0,1.0,1.235743126917059,1.0,3.0,0.0,0.0,0.0,27.47315505876597,0.0,0.0,0.0,0.0,12.00994258318626,0.0,0.0,0.0,0.0,15.22671465110098,0.0,0.0,0.0,0.0,8.347725957039826,1.0,0.0,0.0,0.0,13.489574746427785,1.0,5.325530055042681,0.0,0.0,0.0,0.0,34.89875799407033,0.0,0.0,0.0,2.0,0.0,51.24959209607802,0.0,0.0,0.0,0.0,51.24959209607802,0.0,0.0,0.0,0.0,2.32847973494716,1.0,76.73097358546904,0.0,0.0,0.0,0.0,14.729537191440297,0.0,0.0,0.0,8.217626031429523,0.0,0.0,0.0,0.0,6.930592052636372,0.0,0.0,0.0,0.0,51.24959209607802,0.0,0.0,0.0,0.0,16.21201124766504,0.0,0.0,0.0,0.0,11.134938592412578,0.0,0.0,1.0,0.0,2.363247544419189,0.0,0.0,22.936923820184443,0.0,0.0,0.0,0.0,12.313131763224039,0.0,0.0,0.0,0.0,2.5058433442183157,0.0,1.0,0.0,3.4766950041401343,0.0,0.0,0.0,0.0,11.358627478119523,0.0,0.0,0.0,0.0,20.426201922058507,0.0,0.0,0.0,0.0,11.669647349454525,1.0,0.0,0.0,0.0,3.1242192150911214,0.0,0.0,0.0,0.0,11.127630154462565,0.0,0.0,0.0,35.7216599661187,0.0,0.0,0.0,0.0,0.321493027315372,0.0,0.0,0.0,0.0,8.461830375396888,0.0,0.0,0.0,0.0,51.24959209607802,0.0,0.0,0.0,0.0,13.695263973266934,0.0,0.0,0.0,7.995672882588698,0.0,0.0,0.0,0.0,11.476849916019821,0.0,0.0,0.0,0.0,0.9042721728267564,0.0,0.0,0.0,0.0,51.24959209607802
28216,Betaproteobacteria,4.0,82.9318591835975,18.0,7.0,0.0,119.0,0.3327996250318777,0.0,99.0,5.0,24.0,80.10607927614632,60.0,0.0,2.0,13.0,5.182431431559204,1.0,384.0,5.0,86.0,44.79936098486594,351.0,3.0,1.0,82.0,387.11383842457315,1.0,384.0,5.0,86.0,0.4657815860208603,18.0,7.0,0.0,119.0,1.8766001913954566,0.0,517.0,0.0,78.0,12.291021363006928,0.0,331.0,1.0,1.0,32.13271931145656,4.0,7.24920547368636,8.0,343.0,8.0,93.0,476.8132080104149,1.0,0.0,1143.0,756.0,91.43490447214523,3.0,9.0,1359.0,49.0,1.420198458517523,31.0,22.0,0.0,79.0,139.96895524718317,26.0,134.0,0.0,255.5,12.333073219033103,0.0,12.0,595.0,62.0,14.355769104162984,2.0,2.0,0.0,10.0,251.22071874472084,75.0,53.0,164.0,246.3021414558676,19.0,167.0,5.0,61.0,38.70401409514335,51.0,6.0,211.0,82.0,63.67751264701265,0.0,399.0,0.0,157.0,3.8925209635995803,147.0,10.0,0.0,45.0,16.0,126.94447301896065,0.0,146.0,0.0,36.0,38.37464518089997,26.0,134.0,0.0,255.5,33.23087350186093,0.0,263.0,0.0,115.0,36.55183906810379,22.0,1.0,834.0,434.0,62.527918766612586,4.0,19.54181520446526,0.0,7.5,1881.5,559.0,201.06949924453292,8.0,64.0,0.0,0.0,33.0,304.959903729202,279.0,84.0,0.0,17.0,304.959903729202,0.0,331.0,1.0,1.0,13.154421704666959,4.0,477.0861049761924,0.0,61.0,0.0,6.0,81.47363359869658,1430.0,0.0,181.0,42.27103303529143,0.0,478.0,22.0,367.0,20.22464222152846,50.0,0.0,0.0,104.0,304.959903729202,7.0,371.0,16.0,464.0,118.88161980536314,0.0,15.5,121.0,133.0,68.50010949504357,60.0,0.0,2.0,13.0,16.055948286495823,0.0,51.0,92.16310771292513,0.0,244.0,7.0,260.0,70.60762162506917,0.0,12.0,595.0,62.0,5.199904136490527,4201.0,3.0,334.0,18.272588712990057,331.0,1.0,0.0,175.0,24.074997792630263,123.0,174.5,0.0,267.0,57.72900739045838,0.0,1134.0,95.0,407.0,40.13607330407039,0.0,980.0,0.0,96.0,15.4825783587746,19.0,91.0,0.0,118.0,98.80913676493391,539.0,41.0,117.0,196.65493894687387,0.0,517.0,0.0,78.0,40.84451031265121,0.0,34.0,0.0,22.0,17.92531158424278,0.0,3.0,0.0,123.0,304.959903729202,195.0,14.0,0.0,5.0,69.78317152489441,1125.0,2.0,228.0,18.731049266745934,6.0,0.0,528.0,62.0,55.23689394264815,331.0,1.0,0.0,175.0,5.38056797405601,3.0,160.0,0.0,26.0,304.959903729202
28221,Deltaproteobacteria,0.0,0.0,0.0,0.0,0.0,0.0,0.0,0.0,0.0,0.0,0.0,0.947704356452569,0.0,0.0,0.0,0.0,0.0,0.0,0.0,1.0,0.0,0.14703315682394388,0.0,1.0,0.0,0.0,1.6787641621823597,0.0,0.0,1.0,0.0,0.0,0.0,0.0,0.0,0.0,0.0,0.0,0.0,6.0,0.0,0.1509267517718346,0.0,0.0,0.0,0.0,0.29012416260164803,0.0,0.0,0.0,0.0,2.0,0.0,0.0,0.0,0.0,0.0,0.0,0.0,0.0,1.0,0.0,0.0,0.0,0.0,0.0,0.0,0.0,0.45539199459995383,0.0,0.0,0.0,0.0,0.0,0.0,0.0,0.0,0.0,0.0,0.0,0.0,0.0,0.0,0.0,0.0,0.0,0.0,0.40540295844718593,0.0,0.0,1.0,0.0,1.2686503599067604,2.0,0.0,0.0,0.0,0.38507233512981637,0.0,0.0,0.5,0.0,0.0,0.0,0.0,0.0,0.0,0.0,0.68072139983525,0.0,0.0,0.0,0.0,0.0,0.0,0.0,0.0,0.0,0.0,0.0,0.0,2.0,0.0,0.0,2.0,0.0,0.0,0.0,1.0335447422608752,0.0,0.0,0.0,5.0,0.0,0.0,1.6779338921194318,0.0,0.0,0.0,0.0,0.0,0.0,0.0,0.0,0.0,0.0,0.0,0.0,0.0,0.0,0.0,0.0,0.0,0.0,0.0,0.0,1.0,0.0,0.22421584757883262,0.0,0.0,0.0,0.17245094974926253,0.0,0.0,2.0,0.0,0.2809091667581184,0.0,0.0,0.0,0.0,0.0,0.0,0.0,1.0,0.0,0.39614481703699295,0.0,0.0,0.0,0.0,0.0,0.0,0.0,0.0,0.0,0.0,0.0,0.0,0.44559727608567645,0.0,0.0,3.0,0.0,0.0,0.0,0.0,0.0,0.0,0.8709028312509175,0.0,0.0,0.0,0.0,0.0,0.0,0.0,0.0,0.22914805186565781,5.0,0.0,0.0,0.0,0.6201270821466109,0.0,0.0,0.0,0.0,0.0,0.0,0.0,5.0,0.0,0.06791238124388917,0.0,0.0,0.0,0.0,0.0,0.0,0.0,0.0,1.3232291228004638,0.0,0.0,6.0,0.0,0.3382106647357714,0.0,0.0,0.0,0.0,0.0,0.5,0.0,0.0,0.0,0.0,0.0,2.0,0.0,0.0,0.33083957791727003,0.0,0.0,0.0,0.0,4.0,0.0,0.0,0.0,0.0,0.0,0.0,0.0,0.0,0.0,0.0,0.0,0.0,0.0,0.0
29547,Epsilonproteobacteria,0.0,0.0,15.0,0.0,2.0,5.0,0.0,0.0,30.0,0.0,30.0,0.0,24.0,9.0,0.0,0.5,0.0,134.0,18.0,5.0,3.0,0.0,7.0,10.0,0.0,2.0,3.6159230203789976,134.0,18.0,5.0,3.0,0.0,15.0,0.0,2.0,5.0,0.0,0.0,4.0,0.0,0.0,0.0,0.0,16.0,0.0,26.0,1.6372695406413547,0.0,0.0,2.0,7.0,8.0,3.0,0.0,0.0,3.0,58.0,3.0,1.2399209362702035,0.0,2.0,7.0,4.0,0.0,2.0,0.0,0.0,1.0,0.0,17.0,16.0,0.0,4.0,0.0,0.0,0.0,8.0,0.0,0.0,4.0,5.0,0.0,0.0,0.0,25.0,11.0,1.0,0.0,36.0,7.0,55.0,15.0,0.0,6.0,16.0,8.0,7.0,0.0,0.0,3.0,0.0,0.0,0.0,3.0,2.0,0.0,0.0,0.0,0.05836710009822676,7.0,6.0,0.0,3.0,0.6607931475670303,17.0,16.0,0.0,4.0,0.0,0.0,5.0,0.0,2.0,0.0,5.0,1.0,11.0,2.0,0.0,0.0,0.0,0.0,1.5,8.5,1.0,0.15536830818532102,0.0,3.5,0.0,0.0,0.0,0.0,2.0,0.0,0.0,0.0,0.0,0.0,16.0,0.0,26.0,0.0,0.0,0.0,0.0,11.0,235.0,36.0,1.0086803994641045,15.0,0.0,0.0,0.0,0.0,7.0,47.0,8.0,1.792312247874457,16.0,0.0,0.0,56.0,0.0,9.0,3.0,2.0,24.0,0.0,0.0,4.0,0.0,105.0,0.0,24.0,9.0,0.0,0.5,0.6785790640137345,49.0,16.0,0.0,0.0,7.0,353.0,0.0,0.0,0.0,0.0,8.0,0.0,245.94129495207403,32.0,0.0,2.0,0.0,16.0,34.0,56.0,1.0,0.0,0.0,77.0,0.0,87.0,0.0,0.0,3.0,1.0,6.0,1.0860057599839077,0.0,3.0,0.0,2.0,0.0,17.0,0.0,0.0,22.0,0.0,6.0,0.0,4.0,1.4899038235341007,0.0,4.0,0.0,0.0,0.0,0.0,5.0,2.0,0.0,0.0,0.0,21.0,0.0,11.0,0.0,3.0,0.0,1.0,5.0,0.0,4.0,0.0,4.0,0.0,7.0,0.0,11.0,50.0,0.0,16.0,34.0,56.0,1.0,2.166725253534994,0.0,0.0,0.0,0.0,0.0
31969,Mollicutes,0.0,0.0,0.0,0.0,671.0,0.0,0.0,6.0,0.0,0.0,1.0,0.0,0.0,9.0,0.0,0.0,0.0,97.0,0.0,0.0,0.0,0.0,0.0,0.0,0.0,0.0,3.7717433918555616,97.0,0.0,0.0,0.0,0.0,0.0,0.0,671.0,0.0,0.0,0.0,0.0,0.0,0.0,0.0,14.0,0.0,0.0,0.0,0.0,0.0,0.0,6.0,0.0,0.0,0.0,0.0,0.0,1.0,0.0,0.0,0.0,15.0,0.0,0.0,0.0,0.0,0.0,0.0,881.0,0.0,0.0,0.0,0.0,0.0,0.0,0.0,0.0,0.0,0.0,0.0,0.0,0.0,0.0,0.0,0.0,0.0,0.0,0.0,0.0,0.0,0.0,0.0,0.0,0.0,0.0,0.0,0.0,0.0,0.0,0.0,0.0,0.0,0.0,0.0,0.0,5.0,0.0,0.0,0.0,0.0,0.0,0.0,0.0,0.0,0.0,0.0,0.0,0.0,0.0,0.0,0.0,0.0,0.0,0.0,0.0,0.0,1.0,5.0,0.0,0.0,0.0,0.0,0.0,104.0,0.0,0.0,0.0,0.0,0.0,0.5,0.0,0.0,0.0,0.0,0.0,0.0,0.0,0.0,0.0,14.0,0.0,0.0,0.0,0.0,0.0,0.0,0.0,1.0,0.0,0.0,0.0,0.0,0.0,0.0,0.0,0.0,0.0,0.0,0.0,0.0,0.0,3.0,0.0,0.0,0.0,14.0,0.0,0.0,0.0,0.0,579.0,0.0,0.0,0.0,0.0,0.0,9.0,0.0,0.0,3.06863700444216,1.0,0.0,0.0,8.0,0.0,0.0,0.0,0.0,0.0,0.0,0.0,0.0,0.0,0.0,1.0,0.0,0.0,0.0,0.0,3.0,0.0,0.0,0.0,1.0,27.0,2.0,0.0,0.0,0.0,0.0,0.0,0.0,0.0,0.0,0.0,0.0,0.0,0.0,0.0,449.0,0.0,0.0,0.0,0.0,0.0,0.0,0.0,0.0,0.0,0.0,0.0,0.0,3.0,0.0,0.0,4.48268291914329,0.0,0.0,73.0,0.0,0.0,0.0,0.0,6.0,0.0,0.0,1.0,1.0,0.0,0.0,0.0,0.0,0.0,0.0,0.0,0.0,0.0,3.0,0.0,0.0,0.0,2.0,0.0,0.0,0.0
332159,Solibacteres,0.0,0.0,0.0,0.0,0.0,0.0,0.0,0.0,0.0,0.0,0.0,0.0,0.0,0.0,0.0,0.0,0.0,0.0,0.0,0.0,0.0,0.0,0.0,0.0,0.0,0.0,0.0,0.0,0.0,0.0,0.0,0.0,0.0,0.0,0.0,0.0,0.0,0.0,0.0,0.0,0.0,0.0,0.0,0.0,0.0,0.0,0.0,0.0,0.0,0.0,0.0,0.0,0.0,0.0,0.0,0.0,0.0,0.0,0.0,0.0,0.0,0.0,0.0,0.0,0.0,0.0,0.0,0.0,0.0,0.0,0.0,0.0,0.0,0.0,0.0,0.0,0.0,0.0,0.0,0.0,0.0,0.0,0.0,0.0,0.0,0.0,0.0,0.0,0.0,0.0,0.0,0.0,0.0,0.0,0.0,0.0,0.0,0.0,0.0,0.0,0.0,0.0,0.0,0.0,0.0,0.0,0.0,0.0,0.017261292235945806,0.0,0.0,0.0,0.0,0.0,0.0,0.0,0.0,0.0,0.0,0.0,0.0,0.0,0.0,0.0,0.0,0.0,0.0,0.0,0.0,0.0,0.0,0.0,0.0,0.0,0.0,0.03650936060944867,0.0,0.0,0.0,0.0,0.0,0.0,0.0,0.0,0.0,0.0,0.0,0.0,0.0,0.0,0.0,0.0,0.0,0.0,0.0,0.0,0.0,0.0,0.0,0.0,0.0,0.0,0.0,0.0,0.0,0.0,0.0,0.0,0.0,0.0,0.0,0.0,0.0,0.0,0.0,0.0,0.0,0.0,0.0,0.0,0.0,0.0,0.0,0.0,0.0,0.0,0.0,0.0,0.0,0.0,0.0,0.0,0.0,0.0,0.0,0.0,0.0,0.0,0.0,0.0,0.0,0.0,0.0,0.0,0.0,0.0,0.0,0.0,0.0,0.0,0.0,0.0,0.0,0.0,0.0,0.0,0.0,0.0,0.0,0.0,0.0,0.0,0.0,0.0,0.0,0.0,0.0,0.0,0.0,0.0,0.0,0.0,0.0,0.0,0.0,0.0,0.0,0.0,0.0,0.0,0.0,0.0,0.0,0.0,0.0,0.0,0.0,0.0,0.0,0.0,0.0,0.0,0.0,0.0,0.0,0.0,0.0,0.0,0.0,0.0,0.0,0.0,0.0,0.0,0.0,0.0,0.0,0.0,0.0,0.0,0.0,0.0,0.0
414999,Opitutae,0.0,0.0,0.0,0.0,0.0,0.0,0.0,0.0,0.0,0.0,0.0,0.0,0.0,0.0,0.0,0.0,0.0,0.0,0.0,0.0,0.0,0.0,0.0,0.0,0.0,0.0,0.0,0.0,0.0,0.0,0.0,0.0,0.0,0.0,0.0,0.0,0.0,0.0,0.0,0.0,0.0,0.0,0.0,0.0,0.0,0.0,0.0,0.0,0.0,0.0,0.0,0.0,0.0,0.0,0.0,0.0,0.0,0.0,0.0,0.0,0.0,0.0,0.0,0.0,0.0,0.0,0.0,0.0,0.0,0.0,0.0,0.0,0.0,0.3068185139870135,0.0,0.0,0.0,0.0,0.0,0.0,0.0,0.0,0.0,0.0,0.0,0.0,0.0,0.0,0.0,0.0,0.0,0.0,0.0,0.0,0.0,0.0,0.0,0.0,0.0,0.0,0.0,0.0,0.0,0.0,0.0,0.0,0.0,0.0,0.08661750842163181,0.0,0.0,0.0,0.0,0.0,0.0,0.0,0.0,0.0,0.0,0.0,0.0,0.0,0.0,0.0,0.0,0.0,0.0,0.0,0.0,0.0,0.6599487311076448,0.0,0.0,0.0,0.0,0.0,0.0,0.0,0.0,0.0,0.0,0.0,0.0,0.0,0.0,0.0,0.0,0.0,0.0,0.0,0.0,0.0,0.0,0.0,0.0,0.0,0.0,0.0,0.0,0.0,0.0,0.0,0.0,0.0,0.0,0.0,0.0,0.0,0.0,0.0,0.0,0.0,0.0,0.0,0.0,0.0,0.0,0.2329803739432088,0.0,0.0,0.0,0.0,0.0,0.0,0.0,0.0,0.0,0.0,0.0,0.0,0.0,0.0,0.0,0.0,0.0,0.0,0.0,0.0,0.0,0.0,0.0,0.0,0.0,0.0,0.0,0.0,0.0,0.0,0.0,0.0,0.0,0.0,0.0,0.0,0.06181997209322042,0.0,0.0,0.0,0.0,0.0,0.0,0.0,0.0,0.0,0.11494099188993323,0.0,0.0,0.0,0.0,0.0,0.0,0.0,0.0,0.0,0.0,0.0,0.0,0.0,0.0,0.0,0.0,0.0,0.0,0.0,0.0,0.0,0.0,0.0,0.0,0.0,0.0,0.0,0.0,0.0,0.0,0.0,0.0,0.0,0.0,0.0,0.0,0.0,0.35409369681985664,0.0,0.0,0.0,0.0,0.0,0.0,0.0,0.0,0.0,0.0
475962,Caldilineae,0.0,0.0,0.0,0.0,0.0,0.0,0.0,0.0,0.0,0.0,0.0,0.0,0.0,0.0,0.0,0.0,0.0,0.0,0.0,0.0,0.0,0.0,0.0,0.0,0.0,0.0,0.0,0.0,0.0,0.0,0.0,0.0,0.0,0.0,0.0,0.0,0.0,0.0,0.0,0.0,0.0,0.3823535604438364,0.0,0.0,0.0,0.0,0.0,0.0,0.0,0.0,0.0,0.0,0.0,0.0,0.0,0.0,0.0,0.0,0.0,0.0,0.0,0.0,0.0,0.0,0.0,0.0,0.0,0.0,0.0,0.0,0.0,0.0,0.0,0.0,0.0,0.0,0.0,0.0,0.0,0.0,0.0,0.0,0.0,0.0,0.0,0.0,0.0,0.0,0.0,0.0,0.0,0.0,0.0,0.0,0.0,0.0,0.0,0.0,0.0,0.0,0.0,0.0,0.0,0.0,0.0,0.0,0.0,0.0,0.0,0.0,0.0,0.0,0.0,0.0,0.0,0.0,0.0,0.0,0.0,0.0,0.0,0.0,0.0,0.0,0.0,0.0,0.0,0.0,0.0,0.0,0.0,0.0,0.0,0.0,0.0,0.0,0.0,0.0,0.0,0.0,0.0,0.0,0.0,0.0,0.0,0.0,0.0,0.0,0.0,0.0,0.0,0.0,0.0,0.0,0.0,0.0,0.0,0.0,0.0,0.0,0.0,0.0,0.0,0.0,0.0,0.0,0.0,0.0,0.0,0.0,0.0,0.0,0.0,0.0,0.0,0.0,0.0,0.06742358204316218,0.0,0.0,0.0,0.0,0.0,0.0,0.0,0.0,0.0,0.0,0.0,0.0,0.0,0.0,0.0,0.0,0.0,0.0,0.0,0.0,0.0,0.0,0.0,0.0,0.0,0.0,0.0,0.0,0.0,0.0,0.0,0.0,0.0,0.0,0.0,0.0,0.0,0.0,0.0,0.0,0.0,0.0,0.0,0.0,0.0,0.0,0.0,0.0,0.0,0.0,0.0,0.0,0.0,0.0,0.0,0.0,0.0,0.0,0.0,0.0,0.0,0.0,0.0,0.0,0.0,0.0,0.0,0.0,0.0,0.0,0.0,0.0,0.0,0.0,0.0,0.0,0.0,0.0,0.0,0.0,0.0,0.0,0.0,0.0,0.0,0.0,0.0,0.0,0.0,0.0,0.0,0.0,0.0,0.0,0.0
4891,Saccharomycetes,0.0,0.0,0.0,0.0,0.0,0.0,0.0,0.0,0.0,0.0,0.0,0.0,0.0,0.0,0.0,0.0,0.0,0.0,0.0,0.0,0.0,0.0,0.0,0.0,0.0,0.0,0.0,0.0,0.0,0.0,0.0,0.0,0.0,0.0,0.0,0.0,0.0,0.0,0.0,0.0,0.0,0.0,0.0,0.0,0.0,0.0,0.0,0.0,0.0,0.0,0.0,0.0,0.0,0.0,0.0,0.0,0.0,0.0,0.0,0.0,0.0,0.0,0.0,0.0,0.0,0.0,0.0,0.0,0.04099038972173304,0.0,0.0,0.0,0.0,0.0,0.0,0.0,0.0,0.0,0.0,0.0,0.0,0.0,0.0,0.0,0.0,0.0,0.0,0.0,0.0,0.0,0.0,0.0,0.0,0.0,0.0,0.0,0.0,0.0,0.0,0.0,0.0,0.0,0.0,0.0,0.0,0.0,0.0,0.0,0.05173264539740638,0.0,0.0,0.0,0.0,0.0,0.0,0.0,0.0,0.0,0.0,0.0,0.0,0.0,0.0,0.0,0.0,0.0,0.0,0.0,0.17507025966986095,0.0,0.0,0.0,0.0,0.0,0.0,0.06807148367490687,0.0,0.0,0.0,0.0,0.0,0.0,0.0,0.0,0.0,0.0,0.0,0.0,0.0,0.0,0.0,0.0,0.0,0.0,0.0,0.0,0.0,0.0,0.378030352122179,0.0,0.0,0.0,0.0,0.0,0.0,0.0,0.0,0.0,0.0,0.0,0.0,0.0,0.0,0.0,0.0,0.0,0.0,0.0,0.0,0.0,0.0,0.0,0.0,0.0,0.0,0.0,0.0,0.0,0.0,0.0,0.0,0.0,0.0,0.0,0.0,0.0,0.0,0.0,0.0,0.0,0.16761461742293252,0.0,0.0,0.0,0.0452023373269775,0.0,0.0,0.0,0.0,0.0,0.0,0.0,0.0,0.0,0.060609122684745845,0.0,0.0,0.0,0.0,0.0,0.0,0.0,0.0,0.0,0.0,0.0,0.0,0.0,0.0,0.0,0.0,0.0,0.0,0.0,0.0,0.0,0.0,0.0,0.0,0.0,0.0,0.0,0.0,0.0,0.0,0.0,0.0,0.0,0.0,0.0,0.0,0.0,0.0,0.0,0.0,0.0,0.0,0.0,0.0,0.0,0.0,0.0,0.0,0.0,0.0,0.0,0.0,0.0,0.0,0.0,0.0,0.0,0.0
526524,Erysipelotrichia,0.0,0.0,0.0,1.0,0.0,0.0,0.0,0.0,0.0,0.0,0.0,0.0,0.0,0.0,0.0,0.0,0.0,0.0,0.0,0.0,0.0,0.0,0.0,0.0,0.0,0.0,0.0,0.0,0.0,0.0,0.0,0.0,0.0,1.0,0.0,0.0,0.0,0.0,0.0,1.0,0.0,0.0,0.0,0.0,0.0,0.0,0.0,0.0,0.0,0.0,0.0,0.0,0.0,0.0,1.0,0.0,0.0,0.0,0.0,0.0,1.0,0.0,0.0,0.0,0.0,91.0,0.0,0.0,0.0,0.0,0.0,0.0,0.0,0.0,0.0,2.0,0.0,0.0,0.0,0.0,0.0,0.0,0.0,0.0,0.0,0.0,0.0,0.0,0.0,0.0,53.0,0.0,0.0,435.0,0.0,0.0,0.0,0.0,0.0,0.0,0.0,0.0,0.0,0.0,0.0,0.0,0.0,0.0,0.0,1.0,0.0,0.0,0.0,0.0,0.0,0.0,0.0,0.0,0.0,0.0,0.0,1.0,0.0,0.0,2.0,0.0,0.0,0.0,0.0,0.0,0.0,0.0,0.0,0.0,0.0,0.0,0.0,0.0,0.0,0.0,0.0,0.0,0.0,0.0,0.0,0.0,0.0,0.0,0.0,0.0,0.0,0.0,0.0,0.0,0.0,0.0,0.0,0.0,0.0,0.0,0.0,0.0,0.0,0.0,0.0,0.0,0.0,0.0,0.0,0.0,2.0,0.0,0.0,0.0,0.0,0.0,0.0,0.0,0.0,0.0,5.0,0.0,0.0,0.0,0.0,0.0,0.0,0.0,0.0,0.0,0.0,0.0,0.0,0.0,0.0,0.0,0.0,2.0,0.0,0.0,0.0011389321792724249,0.0,0.0,0.0,0.0,0.0,0.0,0.0,0.0,0.0,0.0,0.0,0.0,0.0,0.0,0.0,0.0,0.0,0.0,0.0,0.0,0.0,0.0,0.0,0.0,0.0,1.0,0.0,0.0,0.0,0.0,0.0,0.0,0.0,0.0,0.0,1.0,0.0,0.0,2.0,0.0,0.0,0.0,0.0,0.0,0.0,0.0,0.0,0.0,0.0,1.0,0.0,0.0,0.0,0.0,0.0,0.0,0.0,10.0,0.0,0.0,0.0,0.0,0.0,0.0,0.0,0.0,0.0,0.0,0.0,0.0,0.0,0.0
641853,Elusimicrobia,0.0,0.0,0.0,0.0,0.0,0.0,0.0,0.0,0.0,0.0,0.0,0.0,0.0,0.0,0.0,0.0,0.0,0.0,0.0,0.0,0.0,0.0,0.0,0.0,0.0,0.0,0.0,0.0,0.0,0.0,0.0,0.0,0.0,0.0,0.0,0.0,0.0,0.0,0.0,0.0,0.0,0.0,0.0,0.0,0.0,0.0,0.0,0.0,0.0,0.0,0.0,0.0,0.0,0.0,0.0,0.0,0.0,0.0,0.0,0.0,0.0,0.0,0.0,0.0,0.0,0.0,0.0,0.0,0.0,0.0,0.0,0.0,0.0,0.0,0.0,0.0,0.0,0.0,0.0,0.0,0.0,0.0,0.0,0.0,0.0,0.0,0.0,0.0,0.0,0.0,0.0,0.0,0.0,0.0,0.0,0.0,0.0,0.0,0.0,0.0,0.0,0.0,0.0,0.0,0.0,0.0,0.0,0.0,0.10465824845199281,0.0,0.0,0.0,0.0,0.0,0.0,0.0,0.0,0.0,0.0,0.0,0.0,0.0,0.0,0.0,0.0,0.0,0.0,0.0,0.0,0.0,0.0,0.0,0.0,0.0,0.0,0.0,0.0,0.0,0.0,0.0,0.0,0.0,0.0,0.0,0.0,0.0,0.0,0.0,0.0,0.0,0.0,0.0,0.0,0.0,0.0,0.0,0.0,0.0,0.0,0.0,0.0,0.0,0.0,0.0,0.0,0.0,0.0,0.0,0.0,0.0,0.0,0.0,0.0,0.0,0.0,0.0,0.0,0.0,0.0,0.0,0.0,0.0,0.0,0.0,0.0,0.0,0.0,0.0,0.0,0.0,0.0,0.0,0.0,0.0,0.0,0.0,0.0,0.0,0.0,0.0,0.0,0.0,0.0,0.0,0.0,0.0,0.0,0.0,0.0,0.0,0.0,0.0,0.0,0.0,0.0,0.0,0.0,0.0,0.0,0.0,0.0,0.0,0.0,0.0,0.0,0.0,0.0,0.0,0.0,0.0,0.0,0.0,0.0,0.0,0.0,0.0,0.0,0.0,0.0,0.0,0.0,0.0,0.0,0.0,0.0,0.0,0.0,0.0,0.0,0.0,0.0,0.0,0.0,0.0,0.0,0.0,0.0,0.0,0.0,0.0,0.0,0.0,0.0,0.0,0.0,0.0,0.0,0.0,0.0,0.0,0.0,0.0,0.0
649775,Synergistia,0.0,0.0,0.0,0.0,0.0,0.0,0.0,0.0,0.0,0.0,0.0,0.0,0.0,0.0,0.0,0.0,0.0,0.0,0.0,0.0,0.0,0.0,0.0,0.0,0.0,0.0,0.0,0.0,0.0,0.0,0.0,0.0,0.0,0.0,0.0,0.0,0.0,0.0,0.0,0.0,0.0,0.0,0.0,0.0,0.0,0.0,0.0,0.0,0.0,0.0,0.0,0.0,0.0,0.0,0.0,0.0,0.0,0.0,0.0,0.0,0.0,0.0,0.0,0.0,0.0,0.0,0.0,0.0,0.0,0.0,0.0,0.0,0.0,0.0,0.0,0.0,0.0,0.0,0.0,0.0,0.0,0.0,0.0,0.0,0.0,0.0,0.0,0.0,0.0,0.0,0.0,0.0,0.0,0.0,0.0,0.0,0.0,0.0,0.0,0.0,0.0,0.0,0.0,0.0,0.0,0.0,0.0,0.0,0.0,0.0,0.0,0.0,0.0,0.0,0.0,0.0,0.0,0.0,0.0,0.0,0.0,0.0,0.0,0.0,0.0,0.0,0.0,0.0,0.0,0.0,0.0,0.0,0.0,0.0,0.0,0.19682490633876015,0.0,0.0,0.0,0.0,0.0,0.0,0.0,0.0,0.0,0.0,0.0,0.0,0.0,0.0,0.0,0.0,0.0,0.0,0.0,0.0,0.0,0.0,1.1456747484212113,0.0,0.0,0.0,0.0,0.0,0.0,0.0,0.0,0.0,0.0,0.0,0.0,0.0,0.0,0.0,0.0,0.0,0.0,0.0,0.0,0.0,0.0,0.0,0.0,0.0,0.0,0.0,0.0,0.0,0.0,0.0,0.0,0.0,0.0,0.0,0.0,0.0,0.0,0.0,0.0,0.0,0.0,0.0,0.0,0.0,0.23878576166843724,0.0,0.0,0.0,0.0,0.0,0.0,0.0,0.0,0.0,0.0,0.0,0.0,0.0,0.0,0.0,0.0,0.0,0.0,0.0,0.0,0.0,0.0,0.0,0.0,0.0,0.0,0.0,0.0,0.0,0.0,0.0,0.0,0.0,0.0,0.0,0.0,0.0,0.0,0.0,0.0,0.0,0.0,0.0,0.0,0.0,0.0,0.0,0.0,0.0,0.0,0.0,0.0,0.0,0.0,0.0,0.0,0.0,0.0,0.0,0.0,0.0,0.0,0.0,0.0,0.0,0.0,0.0,0.0
68337,Deferribacteres,0.0,0.0,0.0,0.0,0.0,0.0,0.0,0.0,0.0,0.0,0.0,0.0,0.0,0.0,0.0,0.0,0.0,0.0,0.0,0.0,0.0,0.0,0.0,0.0,0.0,0.0,0.0,0.0,0.0,0.0,0.0,0.0,0.0,0.0,0.0,0.0,0.0,0.0,0.0,0.0,0.0,0.0,0.0,0.0,0.0,0.0,0.0,0.0,0.0,0.0,0.0,0.0,0.0,0.0,0.0,0.0,0.0,0.0,0.0,0.0,0.0,0.0,0.0,0.0,0.0,0.0,0.0,0.0,0.0,0.0,0.0,0.0,0.0,0.0,0.0,0.0,0.0,0.0,0.0,0.0,0.0,0.0,0.0,0.0,0.0,0.0,0.0,0.0,0.0,0.0,0.0,0.0,0.0,0.0,0.0,0.0,0.0,0.0,0.0,0.0,0.0,0.0,0.0,0.0,0.0,0.0,0.0,0.0,0.0,0.0,0.0,0.0,0.0,0.0,0.0,0.0,0.0,0.0,0.0,0.0,0.0,0.0,0.0,0.0,0.0,0.0,0.0,0.0,0.0,0.0,0.0,0.0,0.0,0.0,0.0,0.11272186809092213,0.0,0.0,0.0,0.0,0.0,0.0,0.0,0.0,0.0,0.0,0.0,0.0,0.0,0.0,0.0,0.0,0.0,0.0,0.0,0.0,0.0,0.0,0.0,0.0,0.0,0.0,0.0,0.0,0.0,0.0,0.0,0.0,0.0,0.0,0.0,0.0,0.0,0.0,0.0,0.0,0.0,0.0,0.0,0.0,0.0,0.0,0.0,0.0,0.0,0.0,0.0,0.0,0.0,0.0,0.0,0.0,0.0,0.0,0.0,0.0,0.0,0.0,0.0,0.0,0.3161668027667492,0.0,0.0,0.0,0.0,0.0,0.0,0.0,0.0,0.0,0.0,0.0,0.0,0.0,0.0,0.0,0.0,0.0,0.0,0.0,0.0,0.0,0.0,0.0,0.0,0.0,0.0,0.0,0.0,0.0,0.0,0.0,0.0,0.0,0.0,0.0,0.0,0.0,0.0,0.0,0.0,0.0,0.0,0.0,0.0,0.0,0.0,0.0,0.0,0.0,0.0,0.0,0.0,0.0,0.0,0.0,0.0,0.0,0.0,0.0,0.0,0.0,0.0,0.0,0.0,0.0,0.0,0.0,0.0,0.0,0.0,0.0,0.0
768503,Cytophagia,0.0,0.0,0.0,0.0,0.0,0.0,0.0,0.0,0.0,0.0,0.0,0.0,0.0,0.0,0.0,0.0,0.0,0.0,0.0,0.0,0.0,0.0,0.0,0.0,0.0,0.0,0.0,0.0,0.0,0.0,0.0,0.0,0.0,0.0,0.0,0.0,0.0,0.0,0.0,0.0,0.0,0.0,0.0,0.0,0.0,0.0,0.0,0.0,0.0,0.0,0.0,0.0,0.0,0.0,0.0,0.0,0.0,0.0,0.0,0.0,0.0,0.0,0.0,0.0,0.0,0.0,0.0,0.0,0.20219751039571054,0.0,0.0,0.0,0.0,0.0,0.0,0.0,0.0,0.0,0.0,0.0,0.0,0.0,0.0,0.0,0.0,0.0,0.0,0.5339164707271625,0.0,0.0,0.0,0.0,0.0,0.0,0.0,0.0,0.0,0.0,0.0,0.0,0.0,0.0,0.0,0.0,0.0,0.0,0.0,0.0,0.6906932084727215,0.0,0.0,0.0,0.0,0.0,0.0,0.0,0.0,0.0,0.0,0.0,0.0,0.0,0.0,0.0,0.0,0.0,0.0,0.0,0.0,0.0,0.0,0.0,0.0,0.0,0.0,0.13454607421852569,0.0,0.0,0.0,0.0,0.0,0.0,0.0,0.0,0.0,0.0,0.0,0.0,0.0,0.0,0.0,0.0,0.0,0.0,0.0,0.0,0.0,0.0,0.37766009712499765,0.0,0.0,0.0,0.0,0.0,0.0,0.0,0.0,0.0,0.0,0.0,0.0,0.0,0.0,0.0,0.0,0.0,0.0,0.0,0.0,0.0,0.0,0.0,0.0,0.0,0.0,0.0,0.0,0.0,0.0,0.0,0.7018006355021906,0.0,0.0,0.0,0.0,0.0,0.0,0.0,0.0,0.0,0.0,0.0,0.0,0.0,0.0,0.0,0.0,0.0,0.0,0.0,0.0,0.0,0.0,0.0,0.11207577690000015,0.0,0.0,0.0,0.0,0.0,0.0,0.0,0.0,0.0,0.0,0.0,0.0,0.0,0.0,0.0,0.0,0.0,0.0,0.6269090865790369,0.0,0.0,0.0,0.0,0.0,0.0,0.0,0.0,0.0,0.0,0.0,0.0,0.0,0.0,0.0,0.0,0.0,0.0,0.0,0.0,0.0,0.0,0.0,0.0,0.0,0.0,0.0,0.0,0.0,0.0,0.0,0.0,0.0,0.0,0.0,0.0,0.0,0.0,0.0
795747,Ignavibacteria,0.0,0.0,0.0,0.0,0.0,0.0,0.0,0.0,0.0,0.0,0.0,0.0,0.0,0.0,0.0,0.0,0.0,0.0,0.0,0.0,0.0,0.0,0.0,0.0,0.0,0.0,0.0,0.0,0.0,0.0,0.0,0.0,0.0,0.0,0.0,0.0,0.0,0.0,0.0,0.0,0.0,0.0,0.0,0.0,0.0,0.0,0.0,0.0,0.0,0.0,0.0,0.0,0.0,0.0,0.0,0.0,0.0,0.0,0.0,0.0,0.0,0.0,0.0,0.0,0.0,0.0,0.0,0.0,0.0,0.0,0.0,0.0,0.0,0.0,0.0,0.0,0.0,0.0,0.0,0.0,0.0,0.0,0.0,0.0,0.0,0.0,0.0,0.0,0.0,0.0,0.0,0.0,0.0,0.0,0.0,0.0,0.0,0.0,0.0,0.0,0.0,0.0,0.0,0.0,0.0,0.0,0.0,0.0,0.09400945464096835,0.0,0.0,0.0,0.0,0.0,0.0,0.0,0.0,0.0,0.0,0.0,0.0,0.0,0.0,0.0,0.0,0.0,0.0,0.0,0.0,0.0,0.0,0.0,0.0,0.0,0.0,0.0,0.0,0.0,0.0,0.0,0.0,0.0,0.0,0.0,0.0,0.0,0.0,0.0,0.0,0.0,0.0,0.0,0.0,0.0,0.0,0.0,0.0,0.0,0.0,0.0,0.0,0.0,0.0,0.0,0.0,0.0,0.0,0.0,0.0,0.0,0.0,0.0,0.0,0.0,0.0,0.0,0.0,0.0,0.0,0.0,0.0,0.0,0.0,0.0,0.0,0.0,0.0,0.0,0.0,0.0,0.0,0.0,0.0,0.0,0.0,0.0,0.0,0.0,0.0,0.0,0.0,0.0,0.0,0.0,0.0,0.0,0.0,0.0,0.0,0.0,0.0,0.0,0.0,0.0,0.0,0.0,0.0,0.0,0.0,0.0,0.0,0.0,0.0,0.0,0.0,0.0,0.0,0.0,0.0,0.0,0.0,0.0,0.0,0.0,0.0,0.0,0.0,0.0,0.0,0.0,0.0,0.0,0.0,0.0,0.0,0.0,0.0,0.0,0.0,0.0,0.0,0.0,0.0,0.0,0.0,0.0,0.0,0.0,0.0,0.0,0.0,0.0,0.0,0.0,0.0,0.0,0.0,0.0,0.0,0.0,0.0,0.0,0.0
909932,Negativicutes,0.0,0.0,1045.0,236.0,500.0,368.0,0.0,3.0,826.0,171.0,360.0,0.0,1427.0,82.0,0.0,413.5,0.6844819094345902,164.0,437.0,84.0,1104.0,0.0,1119.0,86.0,1.0,128.0,1.5947102017972876,164.0,437.0,84.0,1104.0,0.0,1045.0,236.0,500.0,368.0,0.0,3.0,375.0,67.0,13.0,0.0,14.0,1365.0,160.0,853.0,0.0,0.0,8.078453943193894,185.0,452.0,51.0,306.0,0.0,81.0,13.0,636.0,329.0,0.0,96.0,39.0,502.0,18.0,0.0,398.0,104.0,0.0,1069.0,1.3732324195901549,455.0,497.0,3.0,102.5,0.0,0.0,42.0,546.0,108.0,0.0,204.0,187.0,233.0,1175.0,0.0,1262.0,508.0,206.0,0.0,157.0,91.0,162.0,439.0,0.0,52.0,114.0,175.0,663.0,5.631812642626371,1.0,99.0,17.5,13.0,0.0,235.0,2.0,398.0,32.0,54.0,0.23635931005294458,52.0,1674.0,41.0,1747.0,0.0,455.0,497.0,3.0,102.5,0.0,0.0,186.0,122.0,780.0,0.25320937848438796,238.0,19.0,348.0,123.0,0.0,0.0,0.0,2.0,56.5,176.5,7.0,1.0000934630066816,19.0,87.0,0.0,0.0,388.0,0.0,342.0,28.0,860.0,313.0,0.0,14.0,1365.0,160.0,853.0,0.0,0.0,0.0,4.0,606.0,290.0,740.0,1.98721146344344,1764.0,0.0,116.0,0.0,0.0,1065.0,1266.0,498.0,0.0,3566.0,0.0,12.0,3829.0,0.0,65.0,401.0,43.0,454.0,0.47096435323284896,22.0,140.0,647.0,1284.0,0.0,1427.0,82.0,0.0,413.5,0.0,89.0,542.0,2.3672732150370304,0.0,698.0,51.0,158.0,1.2418249836781745,0.0,42.0,546.0,108.0,2.388580504458906,1269.0,4.0,917.0,0.0,759.0,134.0,3.0,959.0,0.0,202.0,246.5,0.0,185.0,3.9741410631355993,0.0,300.0,725.0,72.0,0.0,3.0,209.0,41.0,48.0,0.0,1307.0,15.0,18.0,1308.0,0.0,1165.0,96.0,1281.0,0.0,3.0,375.0,67.0,13.0,0.0,48.0,2338.0,626.0,2657.0,0.0,150.5,384.5,1.0,834.0,0.0,161.0,96.0,23.0,255.0,0.0,381.0,35.0,826.0,0.0,130.0,1.0,580.0,1389.0,0.0,759.0,134.0,3.0,959.0,0.0,59.0,111.0,772.0,150.0,0.0
91061,Bacilli,2.0,14.359605202128298,1895.0,167.0,21.0,4088.0,0.0,6027.0,714.0,24.0,1292.0,82.80004959557438,963.0,6192.0,1.0,1818.5,4.8500928801002265,159.0,2471.0,3.0,2988.0,1.1434494120994532,568.0,25.0,2668.0,661.0,118.17506012994852,159.0,2471.0,3.0,2988.0,2.5088240358891403,1895.0,167.0,21.0,4088.0,2.289384039991073,7209.0,1816.0,0.0,3391.0,7.389071565888167,4874.0,1089.0,0.0,504.0,5.927832608064462,2.0,6.441842855499035,3143.0,1745.0,25.0,4380.0,37.353363124121074,24.0,2477.0,1146.0,1615.0,6.011526786523513,5478.0,1.0,2502.0,3863.0,3.0426933126941287,1902.0,6.0,6.0,4930.0,3.8310248855312037,91.0,466.5,2347.5,967.5,3.4283850863719616,7328.0,7.0,1736.0,3059.0,2.260962018386876,4038.0,4.0,3001.0,1828.0,7.712604329163128,2918.0,1378.0,6860.0,63.6148719187813,2228.0,1082.0,26.0,3704.0,9.196883799971365,16.0,1012.0,564.0,748.0,7.687953601904446,7020.0,1985.0,1.0,2623.0,3.670577957105026,1873.0,405.0,363.0,0.0,742.0,8.031349567309167,371.0,2415.0,1192.0,2776.0,4.765522995261736,91.0,466.5,2347.5,967.5,21.466592404366178,5082.0,333.0,1.0,1736.0,1.6107472194981027,66.0,4843.0,1906.0,1323.0,4.300810820834217,0.0,7.462191375235237,5195.0,1.5,687.0,4720.0,10.812563391951477,0.0,1136.0,3555.0,36.0,2581.0,66.54097289186234,1727.0,6.0,487.0,4104.0,66.54097289186234,4874.0,1089.0,0.0,504.0,3.3408622284024467,0.0,37.34567831924801,2332.5,668.0,74.0,2202.0,39.38545217660005,1107.0,16216.0,3711.0,3.4205096620388353,4646.0,348.0,189.0,2382.0,4.012734972598623,2519.0,4097.0,50.0,3123.0,66.54097289186234,3280.0,986.0,2.0,4162.0,1.1889504479123296,6.0,132.0,15.0,265.0,4.919147603225177,963.0,6192.0,1.0,1818.5,7.583295931864826,4015.0,500.0,19.41061530867666,3398.0,518.0,6.0,1155.0,10.95526245461477,7328.0,7.0,1736.0,3059.0,414.7637379167611,1175.0,8236.0,1914.0,1.5911864882903872,2235.0,1411.0,1881.0,1947.0,45.161122588795806,477.0,999.0,6617.0,2067.0,48.753246223609395,3368.0,312.0,8.0,3504.0,4.714101618216824,7881.0,795.0,0.0,1430.0,1.28468182324148,1066.0,46.0,96.0,3977.0,6.486391108547792,2139.0,1163.0,4256.0,64.7761992705041,7209.0,1816.0,0.0,3391.0,3.8781168063341136,2.0,5513.0,2618.0,3208.0,0.0,16.5,496.5,5558.0,4093.0,66.54097289186234,869.0,0.0,5179.0,670.0,7.540289139907489,876.0,3978.0,1822.0,24.438897850430976,1.0,6172.0,1024.0,2778.0,17.749079073191435,2235.0,1411.0,1881.0,1947.0,407.8461780561022,2.0,1596.0,490.0,4480.0,66.54097289186234
